67108864,I_Unclassified_None,N/A
67108865,I_Unclassified_Max,N/A
68157440,I_Normal_0000,Throwing Kunai
68157441,I_Normal_0001,<COLOR FF0000>#Rejected#</COLOR> I_0001_Name
68157442,I_Normal_0002,Barrel Bomb
68157443,I_Normal_0003,Large Barrel Bomb
68157444,I_Normal_0004,Shock Trap
68157445,I_Normal_0005,Max Potion
68157446,I_Normal_0006,Potion
68157447,I_Normal_0007,Mega Potion
68157448,I_Normal_0008,Well-done Steak
68157449,I_Normal_0009,Lifepowder
68157450,I_Normal_0010,Whetstone
68157451,I_Normal_0011,<COLOR FF0000>#Rejected#</COLOR> I_0011_Name
68157452,I_Normal_0012,<COLOR FF0000>#Rejected#</COLOR> I_0012_Name
68157453,I_Normal_0013,Antidote
68157454,I_Normal_0014,Cleanser
68157455,I_Normal_0015,Deodorant
68157456,I_Normal_0016,<COLOR FF0000>#Rejected#</COLOR> I_0016_Name
68157457,I_Normal_0017,<COLOR FF0000>#Rejected#</COLOR> I_0017_Name
68157458,I_Normal_0018,BBQ Spit
68157459,I_Normal_0019,<COLOR FF0000>#Rejected#</COLOR> I_0019_Name
68157460,I_Normal_0020,<COLOR FF0000>#Rejected#</COLOR> I_0020_Name
68157461,I_Normal_0021,<COLOR FF0000>#Rejected#</COLOR> I_0021_Name
68157462,I_Normal_0022,<COLOR FF0000>#Rejected#</COLOR> I_0022_Name
68157463,I_Normal_0023,Empty Phial
68157464,I_Normal_0024,Small Barrel
68157465,I_Normal_0025,Large Barrel
68157466,I_Normal_0026,Trap Tool
68157467,I_Normal_0027,Powercharm
68157468,I_Normal_0028,Armorcharm
68157469,I_Normal_0029,Normal Ammo 1
68157470,I_Normal_0030,Normal Ammo 2
68157471,I_Normal_0031,Normal Ammo 3
68157472,I_Normal_0032,Pierce Ammo 1
68157473,I_Normal_0033,Pierce Ammo 2
68157474,I_Normal_0034,Pierce Ammo 3
68157475,I_Normal_0035,Spread Ammo 1
68157476,I_Normal_0036,Spread Ammo 2
68157477,I_Normal_0037,Spread Ammo 3
68157478,I_Normal_0038,Sticky Ammo 1
68157479,I_Normal_0039,Sticky Ammo 2
68157480,I_Normal_0040,Cluster Bomb 1
68157481,I_Normal_0041,Cluster Bomb 2
68157482,I_Normal_0042,Poison Ammo 1
68157483,I_Normal_0043,Poison Ammo 2
68157484,I_Normal_0044,Paralysis Ammo 1
68157485,I_Normal_0045,Paralysis Ammo 2
68157486,I_Normal_0046,Sleep Ammo 1
68157487,I_Normal_0047,Sleep Ammo 2
68157488,I_Normal_0048,Exhaust Ammo 1
68157489,I_Normal_0049,Exhaust Ammo 2
68157490,I_Normal_0050,Recover Ammo 1
68157491,I_Normal_0051,Flaming Ammo
68157492,I_Normal_0052,Water Ammo
68157493,I_Normal_0053,Thunder Ammo
68157494,I_Normal_0054,Freeze Ammo
68157495,I_Normal_0055,Slicing Ammo
68157496,I_Normal_0056,Wyvern Ammo
68157497,I_Normal_0057,Tranq Ammo
68157498,I_Normal_0058,Power Coating
68157499,I_Normal_0059,<COLOR FF0000>#Rejected#</COLOR> I_0059_Name
68157500,I_Normal_0060,Poison Coating
68157501,I_Normal_0061,Para Coating
68157502,I_Normal_0062,Sleep Coating
68157503,I_Normal_0063,Blast Coating
68157504,I_Normal_0064,Close-range Coating
68157505,I_Normal_0065,Exhaust Coating
68157506,I_Normal_0066,<COLOR FF0000>#Rejected#</COLOR> I_0066_Name
68157507,I_Normal_0067,<COLOR FF0000>#Rejected#</COLOR> I_0067_Name
68157508,I_Normal_0068,<COLOR FF0000>#Rejected#</COLOR> I_0068_Name
68157509,I_Normal_0069,<COLOR FF0000>#Rejected#</COLOR> I_0069_Name
68157510,I_Normal_0070,<COLOR FF0000>#Rejected#</COLOR> I_0070_Name
68157511,I_Normal_0071,<COLOR FF0000>#Rejected#</COLOR> I_0071_Name
68157512,I_Normal_0072,<COLOR FF0000>#Rejected#</COLOR> I_0072_Name
68157513,I_Normal_0073,<COLOR FF0000>#Rejected#</COLOR> I_0073_Name
68157514,I_Normal_0074,<COLOR FF0000>#Rejected#</COLOR> I_0074_Name
68157515,I_Normal_0075,<COLOR FF0000>#Rejected#</COLOR> I_0075_Name
68157516,I_Normal_0076,<COLOR FF0000>#Rejected#</COLOR> I_0076_Name
68157517,I_Normal_0077,<COLOR FF0000>#Rejected#</COLOR> I_0077_Name
68157518,I_Normal_0078,<COLOR FF0000>#Rejected#</COLOR> I_0078_Name
68157519,I_Normal_0079,<COLOR FF0000>#Rejected#</COLOR> I_0079_Name
68157520,I_Normal_0080,<COLOR FF0000>#Rejected#</COLOR> I_0080_Name
68157521,I_Normal_0081,<COLOR FF0000>#Rejected#</COLOR> I_0081_Name
68157522,I_Normal_0082,<COLOR FF0000>#Rejected#</COLOR> I_0082_Name
68157523,I_Normal_0083,<COLOR FF0000>#Rejected#</COLOR> I_0083_Name
68157524,I_Normal_0084,<COLOR FF0000>#Rejected#</COLOR> I_0084_Name
68157525,I_Normal_0085,<COLOR FF0000>#Rejected#</COLOR> I_0085_Name
68157526,I_Normal_0086,<COLOR FF0000>#Rejected#</COLOR> I_0086_Name
68157527,I_Normal_0087,<COLOR FF0000>#Rejected#</COLOR> I_0087_Name
68157528,I_Normal_0088,<COLOR FF0000>#Rejected#</COLOR> I_0088_Name
68157529,I_Normal_0089,<COLOR FF0000>#Rejected#</COLOR> I_0089_Name
68157530,I_Normal_0090,<COLOR FF0000>#Rejected#</COLOR> I_0090_Name
68157531,I_Normal_0091,Lottery Ticket
68157532,I_Normal_0092,Rathian Scale
68157533,I_Normal_0093,Rathian Shell
68157534,I_Normal_0094,Rathian Webbing
68157535,I_Normal_0095,Rathian Spike
68157536,I_Normal_0096,Rathian Plate
68157537,I_Normal_0097,Rathalos Scale
68157538,I_Normal_0098,Rathalos Shell
68157539,I_Normal_0099,Rathalos Webbing
68157540,I_Normal_0100,Rathalos Plate
68157541,I_Normal_0101,Rath Marrow
68157542,I_Normal_0102,Flame Sac
68157543,I_Normal_0103,Zinogre Shell
68157544,I_Normal_0104,Zinogre Shockfur
68157545,I_Normal_0105,Zinogre Claw
68157546,I_Normal_0106,Zinogre Shocker
68157547,I_Normal_0107,Zinogre Plate
68157548,I_Normal_0108,Mizutsune Scale
68157549,I_Normal_0109,Mizutsune Purplefur
68157550,I_Normal_0110,Mizutsune Claw
68157551,I_Normal_0111,Bubblefoam
68157552,I_Normal_0112,Mizutsune Plate
68157553,I_Normal_0113,Aknosom Scale
68157554,I_Normal_0114,Aknosom Feather
68157555,I_Normal_0115,Aknosom Crest
68157556,I_Normal_0116,Tetranadon Hide
68157557,I_Normal_0117,Tetra Carapace
68157558,I_Normal_0118,Tetranadon Beak
68157559,I_Normal_0119,Almudron Scale
68157560,I_Normal_0120,Almudron Shell
68157561,I_Normal_0121,Almudron Claw
68157562,I_Normal_0122,Raw Meat
68157563,I_Normal_0123,Pitfall Trap
68157564,I_Normal_0124,Dango Ticket
68157565,I_Normal_0125,Honey
68157566,I_Normal_0126,Blue Mushroom
68157567,I_Normal_0127,Godbug
68157568,I_Normal_0128,Herb
68157569,I_Normal_0129,Nulberry
68157570,I_Normal_0130,Latchberry
68157571,I_Normal_0131,Iron Ore
68157572,I_Normal_0132,Earth Crystal
68157573,I_Normal_0133,Machalite Ore
68157574,I_Normal_0134,Dragonite Ore
68157575,I_Normal_0135,Unique Mushroom
68157576,I_Normal_0136,Choice Mushroom
68157577,I_Normal_0137,Energy Drink
68157578,I_Normal_0138,Shrapnel Ammo 1
68157579,I_Normal_0139,Shrapnel Ammo 2
68157580,I_Normal_0140,Shrapnel Ammo 3
68157581,I_Normal_0141,Anjanath Pelt
68157582,I_Normal_0142,Anjanath Scale
68157583,I_Normal_0143,Anjanath Fang
68157584,I_Normal_0144,Anjanath Nosebone
68157585,I_Normal_0145,Anjanath Tail
68157586,I_Normal_0146,Anjanath Plate
68157587,I_Normal_0147,<COLOR FF0000>#Rejected#</COLOR> I_0147_Name
68157588,I_Normal_0148,<COLOR FF0000>#Rejected#</COLOR> I_0148_Name
68157589,I_Normal_0149,Armor Sphere
68157590,I_Normal_0150,Armor Sphere+
68157591,I_Normal_0151,Advanced Armor Sphere
68157592,I_Normal_0152,Sticky Ammo 3
68157593,I_Normal_0153,Cluster Bomb 3
68157594,I_Normal_0154,Recover Ammo 2
68157595,I_Normal_0155,Demon Ammo
68157596,I_Normal_0156,Armor Ammo
68157597,I_Normal_0157,Piercing Fire Ammo
68157598,I_Normal_0158,Piercing Water Ammo
68157599,I_Normal_0159,Piercing Ice Ammo
68157600,I_Normal_0160,Piercing Thunder Ammo
68157601,I_Normal_0161,Dragon Ammo
68157602,I_Normal_0162,Piercing Dragon Ammo
68157603,I_Normal_0163,Flash Bomb
68157604,I_Normal_0164,Old Message
68157605,I_Normal_0165,Aknosom Beak
68157606,I_Normal_0166,Tetranadon Disc
68157607,I_Normal_0167,Somnacanth Scale
68157608,I_Normal_0168,Somnacanth Shell
68157609,I_Normal_0169,Somnacanth Claw
68157610,I_Normal_0170,Somnacanth Fin
68157611,I_Normal_0171,Somnacanth Dust
68157612,I_Normal_0172,Magnamalo Scale
68157613,I_Normal_0173,Magnamalo Shell
68157614,I_Normal_0174,Magnamalo Blade
68157615,I_Normal_0175,Magnamalo Tail
68157616,I_Normal_0176,Magnamalo Horn
68157617,I_Normal_0177,Magnamalo Scute
68157618,I_Normal_0178,Magna Ghostprism
68157619,I_Normal_0179,Magnamalo Plate
68157620,I_Normal_0180,Golden Muck
68157621,I_Normal_0181,Almudron Fin
68157622,I_Normal_0182,Almudron Tail
68157623,I_Normal_0183,Almudron Whisker
68157624,I_Normal_0184,Almudron Plate
68157625,I_Normal_0185,Goss Harag Fur
68157626,I_Normal_0186,Goss Harag Hide
68157627,I_Normal_0187,Goss Harag Brace
68157628,I_Normal_0188,Goss Harag Horn
68157629,I_Normal_0189,Goss Harag Claw
68157630,I_Normal_0190,Block of Ice
68157631,I_Normal_0191,Goss Harag Bile
68157632,I_Normal_0192,<COLOR FF0000>#Rejected#</COLOR> I_0192_Name
68157633,I_Normal_0193,<COLOR FF0000>#Rejected#</COLOR> I_0193_Name
68157634,I_Normal_0194,<COLOR FF0000>#Rejected#</COLOR> I_0194_Name
68157635,I_Normal_0195,<COLOR FF0000>#Rejected#</COLOR> I_0195_Name
68157636,I_Normal_0196,<COLOR FF0000>#Rejected#</COLOR> I_0196_Name
68157637,I_Normal_0197,<COLOR FF0000>#Rejected#</COLOR> I_0197_Name
68157638,I_Normal_0198,<COLOR FF0000>#Rejected#</COLOR> I_0198_Name
68157639,I_Normal_0199,<COLOR FF0000>#Rejected#</COLOR> I_0199_Name
68157640,I_Normal_0200,<COLOR FF0000>#Rejected#</COLOR> I_0200_Name
68157641,I_Normal_0201,<COLOR FF0000>#Rejected#</COLOR> I_0201_Name
68157642,I_Normal_0202,<COLOR FF0000>#Rejected#</COLOR> I_0202_Name
68157643,I_Normal_0203,<COLOR FF0000>#Rejected#</COLOR> I_0203_Name
68157644,I_Normal_0204,<COLOR FF0000>#Rejected#</COLOR> I_0204_Name
68157645,I_Normal_0205,<COLOR FF0000>#Rejected#</COLOR> I_0205_Name
68157646,I_Normal_0206,<COLOR FF0000>#Rejected#</COLOR> I_0206_Name
68157647,I_Normal_0207,<COLOR FF0000>#Rejected#</COLOR> I_0207_Name
68157648,I_Normal_0208,<COLOR FF0000>#Rejected#</COLOR> I_0208_Name
68157649,I_Normal_0209,<COLOR FF0000>#Rejected#</COLOR> I_0209_Name
68157650,I_Normal_0210,<COLOR FF0000>#Rejected#</COLOR> I_0210_Name
68157651,I_Normal_0211,<COLOR FF0000>#Rejected#</COLOR> I_0211_Name
68157652,I_Normal_0212,<COLOR FF0000>#Rejected#</COLOR> I_0212_Name
68157653,I_Normal_0213,<COLOR FF0000>#Rejected#</COLOR> I_0213_Name
68157654,I_Normal_0214,<COLOR FF0000>#Rejected#</COLOR> I_0214_Name
68157655,I_Normal_0215,<COLOR FF0000>#Rejected#</COLOR> I_0215_Name
68157656,I_Normal_0216,<COLOR FF0000>#Rejected#</COLOR> I_0216_Name
68157657,I_Normal_0217,Arzuros Pelt
68157658,I_Normal_0218,Arzuros Pelt+
68157659,I_Normal_0219,Arzuros Shell
68157660,I_Normal_0220,Arzuros Carapace
68157661,I_Normal_0221,Arzuros Brace
68157662,I_Normal_0222,Arzuros Brace+
68157663,I_Normal_0223,Great Baggi Hide
68157664,I_Normal_0224,Great Baggi Hide+
68157665,I_Normal_0225,Great Baggi Claw
68157666,I_Normal_0226,Great Baggi Claw+
68157667,I_Normal_0227,Lagombi Pelt
68157668,I_Normal_0228,Lagombi Pelt+
68157669,I_Normal_0229,Lagombi Ear
68157670,I_Normal_0230,Lagombi Ear+
68157671,I_Normal_0231,Lagombi Plastron
68157672,I_Normal_0232,Lagombi Plastron+
68157673,I_Normal_0233,Lagombi Iceclaw
68157674,I_Normal_0234,Lagombi Frozenclaw
68157675,I_Normal_0235,Flabby Hide
68157676,I_Normal_0236,Pearl Hide
68157677,I_Normal_0237,Pale Extract
68157678,I_Normal_0238,Pale Bone
68157679,I_Normal_0239,Pale Steak
68157680,I_Normal_0240,Barroth Shell
68157681,I_Normal_0241,Barroth Carapace
68157682,I_Normal_0242,Barroth Ridge
68157683,I_Normal_0243,Barroth Ridge+
68157684,I_Normal_0244,Barroth Claw
68157685,I_Normal_0245,Barroth Claw+
68157686,I_Normal_0246,Barroth Scalp
68157687,I_Normal_0247,Barroth Tail
68157688,I_Normal_0248,Fertile Mud
68157689,I_Normal_0249,Great Wroggi Hide
68157690,I_Normal_0250,Great Wroggi Hide+
68157691,I_Normal_0251,Great Wroggi Brace
68157692,I_Normal_0252,Great Wroggi Brace+
68157693,I_Normal_0253,King's Beak
68157694,I_Normal_0254,Spongy Hide
68157695,I_Normal_0255,Spongy Hide+
68157696,I_Normal_0256,Royal Ludroth Scale
68157697,I_Normal_0257,Royal Ludroth Scale+
68157698,I_Normal_0258,Royal Ludroth Claw
68157699,I_Normal_0259,Royal Ludroth Claw+
68157700,I_Normal_0260,Royal Ludroth Crest
68157701,I_Normal_0261,Royal Ludroth Crest+
68157702,I_Normal_0262,Royal Ludroth Tail
68157703,I_Normal_0263,Barioth Shell
68157704,I_Normal_0264,Barioth Carapace
68157705,I_Normal_0265,Barioth Pelt
68157706,I_Normal_0266,Barioth Pelt+
68157707,I_Normal_0267,Barioth Claw
68157708,I_Normal_0268,Barioth Claw+
68157709,I_Normal_0269,Barioth Spike
68157710,I_Normal_0270,Barioth Tail
68157711,I_Normal_0271,Amber Fang
68157712,I_Normal_0272,Amber Fang+
68157713,I_Normal_0273,Volvidon Shell
68157714,I_Normal_0274,Volvidon Carapace
68157715,I_Normal_0275,Volvidon Claw
68157716,I_Normal_0276,Volvidon Claw+
68157717,I_Normal_0277,Volvidon Rickrack
68157718,I_Normal_0278,Basarios Shell
68157719,I_Normal_0279,Basarios Carapace
68157720,I_Normal_0280,Basarios Wing
68157721,I_Normal_0281,Basarios Tears
68157722,I_Normal_0282,Nargacuga Scale
68157723,I_Normal_0283,Nargacuga Scale+
68157724,I_Normal_0284,Nargacuga Blackfur
68157725,I_Normal_0285,Nargacuga Pelt+
68157726,I_Normal_0286,Nargacuga Tail
68157727,I_Normal_0287,Narga Tailspike
68157728,I_Normal_0288,Nargacuga Cutwing
68157729,I_Normal_0289,Narga Razor
68157730,I_Normal_0290,Nargacuga Fang
68157731,I_Normal_0291,Nargacuga Fang+
68157732,I_Normal_0292,Nargacuga Marrow
68157733,I_Normal_0293,Narga Medulla
68157734,I_Normal_0294,Rathian Scale+
68157735,I_Normal_0295,Rathian Carapace
68157736,I_Normal_0296,Rathian Spike+
68157737,I_Normal_0297,Rathian Ruby
68157738,I_Normal_0298,Zinogre Carapace
68157739,I_Normal_0299,Zinogre Electrofur
68157740,I_Normal_0300,Zinogre Horn+
68157741,I_Normal_0301,Zinogre Claw+
68157742,I_Normal_0302,Zinogre Shocker+
68157743,I_Normal_0303,Zinogre Jasper
68157744,I_Normal_0304,Mizutsune Scale+
68157745,I_Normal_0305,Mizutsune Purplefur+
68157746,I_Normal_0306,Mizutsune Claw+
68157747,I_Normal_0307,Mizutsune Fin+
68157748,I_Normal_0308,Bubblefoam+
68157749,I_Normal_0309,Mizutsune Water Orb
68157750,I_Normal_0310,Rathalos Scale+
68157751,I_Normal_0311,Rathalos Carapace
68157752,I_Normal_0312,Rathalos Wing
68157753,I_Normal_0313,Rathalos Ruby
68157754,I_Normal_0314,Twisted Horn
68157755,I_Normal_0315,Majestic Horn
68157756,I_Normal_0316,Diablos Shell
68157757,I_Normal_0317,Diablos Carapace
68157758,I_Normal_0318,Diablos Ridge
68157759,I_Normal_0319,Diablos Ridge+
68157760,I_Normal_0320,Diablos Tailcase
68157761,I_Normal_0321,Diablos Fang
68157762,I_Normal_0322,Diablos Marrow
68157763,I_Normal_0323,Diablos Medulla
68157764,I_Normal_0324,Tigrex Scale
68157765,I_Normal_0325,Tigrex Scale+
68157766,I_Normal_0326,Tigrex Shell
68157767,I_Normal_0327,Tigrex Carapace
68157768,I_Normal_0328,Tigrex Tail
68157769,I_Normal_0329,Tigrex Claw
68157770,I_Normal_0330,Tigrex Claw+
68157771,I_Normal_0331,Tigrex Fang
68157772,I_Normal_0332,Tigrex Fang+
68157773,I_Normal_0333,Tigrex Scalp
68157774,I_Normal_0334,Tigrex Maw
68157775,I_Normal_0335,Rajang Horn+
68157776,I_Normal_0336,Rajang Fang+
68157777,I_Normal_0337,Rajang Blackfur
68157778,I_Normal_0338,Rajang Claw+
68157779,I_Normal_0339,Rajang Tail
68157780,I_Normal_0340,Gold Rajang Pelt
68157781,I_Normal_0341,Chameleos Hide+
68157782,I_Normal_0342,Chameleos Spike
68157783,I_Normal_0343,Chameleos Claw+
68157784,I_Normal_0344,<COLOR FF0000>#Rejected#</COLOR> I_0344_Name
68157785,I_Normal_0345,Chameleos Tail
68157786,I_Normal_0346,Chameleos Gem
68157787,I_Normal_0347,Daora Carapace
68157788,I_Normal_0348,Daora Dragon Scale+
68157789,I_Normal_0349,Daora Webbing
68157790,I_Normal_0350,Daora Horn+
68157791,I_Normal_0351,Daora Tail
68157792,I_Normal_0352,Daora Claw+
68157793,I_Normal_0353,Daora Gem
68157794,I_Normal_0354,Teostra Carapace
68157795,I_Normal_0355,Teostra Mane
68157796,I_Normal_0356,Teostra Tail
68157797,I_Normal_0357,Teostra Horn+
68157798,I_Normal_0358,Fire Dragon Scale+
68157799,I_Normal_0359,Teostra Claw+
68157800,I_Normal_0360,Teostra Webbing
68157801,I_Normal_0361,Teostra Powder
68157802,I_Normal_0362,Teostra Gem
68157803,I_Normal_0363,Kelbi Horn
68157804,I_Normal_0364,<COLOR FF0000>#Rejected#</COLOR> I_0364_Name
68157805,I_Normal_0365,Anteka Antler
68157806,I_Normal_0366,Rhenoplos Shell
68157807,I_Normal_0367,Rhenoplos Carapace
68157808,I_Normal_0368,Rhenoplos Scalp
68157809,I_Normal_0369,Slagtoth Hide
68157810,I_Normal_0370,Slagtoth Hide+
68157811,I_Normal_0371,Gargwa Feather
68157812,I_Normal_0372,Bnahabra Shell
68157813,I_Normal_0373,Bnahabra Carapace
68157814,I_Normal_0374,Bnahabra Wing
68157815,I_Normal_0375,Bnahabra Stinger
68157816,I_Normal_0376,Altaroth Jaw
68157817,I_Normal_0377,Altaroth Stomach
68157818,I_Normal_0378,Quality Stomach
68157819,I_Normal_0379,Bullfango Pelt
68157820,I_Normal_0380,Bullfango Pelt+
68157821,I_Normal_0381,Bullfango Head
68157822,I_Normal_0382,Gajau Skin
68157823,I_Normal_0383,Gajau Whisker
68157824,I_Normal_0384,Gajau Scale
68157825,I_Normal_0385,Gajau Whisker+
68157826,I_Normal_0386,Jaggi Scale
68157827,I_Normal_0387,Jaggi Scale+
68157828,I_Normal_0388,Jaggi Hide
68157829,I_Normal_0389,Baggi Hide
68157830,I_Normal_0390,Baggi Scale
68157831,I_Normal_0391,Baggi Scale+
68157832,I_Normal_0392,Wroggi Scale
68157833,I_Normal_0393,Wroggi Scale+
68157834,I_Normal_0394,Wroggi Hide
68157835,I_Normal_0395,Wroggi Fang
68157836,I_Normal_0396,Kestodon Shell
68157837,I_Normal_0397,Kestodon Scalp
68157838,I_Normal_0398,Kestodon Carapace
68157839,I_Normal_0399,Hydro Hide
68157840,I_Normal_0400,Hydro Hide+
68157841,I_Normal_0401,Immature Sponge
68157842,I_Normal_0402,Uroktor Scale
68157843,I_Normal_0403,Uroktor Scale+
68157844,I_Normal_0404,Big Fin
68157845,I_Normal_0405,Quality Fin
68157846,I_Normal_0406,Meaty Hide
68157847,I_Normal_0407,Meaty Hide+
68157848,I_Normal_0408,Sharqskin Scale
68157849,I_Normal_0409,Remobra Hide
68157850,I_Normal_0410,Remobra Hide+
68157851,I_Normal_0411,Striped Hide
68157852,I_Normal_0412,Remobra Head
68157853,I_Normal_0413,Jagras Scale
68157854,I_Normal_0414,Jagras Hide
68157855,I_Normal_0415,Jagras Scale+
68157856,I_Normal_0416,Jagras Hide+
68157857,I_Normal_0417,Monster Bone S
68157858,I_Normal_0418,Monster Bone M
68157859,I_Normal_0419,Monster Bone L
68157860,I_Normal_0420,Monster Bone+
68157861,I_Normal_0421,Monster Keenbone
68157862,I_Normal_0422,Monster Hardbone
68157863,I_Normal_0423,Elder Dragon Bone
68157864,I_Normal_0424,Jumbo Bone
68157865,I_Normal_0425,Stoutbone
68157866,I_Normal_0426,Bird Wyvern Gem
68157867,I_Normal_0427,Wyvern Gem
68157868,I_Normal_0428,<COLOR FF0000>#Rejected#</COLOR> I_0428_Name
68157869,I_Normal_0429,<COLOR FF0000>#Rejected#</COLOR> I_0429_Name
68157870,I_Normal_0430,<COLOR FF0000>#Rejected#</COLOR> I_0430_Name
68157871,I_Normal_0431,Sharp Claw
68157872,I_Normal_0432,Sharp Fang
68157873,I_Normal_0433,Piercing Claw
68157874,I_Normal_0434,Warm Pelt
68157875,I_Normal_0435,High-quality Pelt
68157876,I_Normal_0436,Elder Dragon Blood
68157877,I_Normal_0437,Screamer Sac
68157878,I_Normal_0438,Poison Sac
68157879,I_Normal_0439,Toxin Sac
68157880,I_Normal_0440,Paralysis Sac
68157881,I_Normal_0441,Omniplegia Sac
68157882,I_Normal_0442,Sleep Sac
68157883,I_Normal_0443,Coma Sac
68157884,I_Normal_0444,<COLOR FF0000>#Rejected#</COLOR> I_0444_Name
68157885,I_Normal_0445,Inferno Sac
68157886,I_Normal_0446,Electro Sac
68157887,I_Normal_0447,Thunder Sac
68157888,I_Normal_0448,Frost Sac
68157889,I_Normal_0449,Freezer Sac
68157890,I_Normal_0450,Aqua Sac
68157891,I_Normal_0451,Torrent Sac
68157892,I_Normal_0452,Monster Fluid
68157893,I_Normal_0453,Monster Broth
68157894,I_Normal_0454,Dash Extract
68157895,I_Normal_0455,Pawprint Stamp
68157896,I_Normal_0456,Felyne Fur Ruby
68157897,I_Normal_0457,Rath Wingtalon
68157898,I_Normal_0458,Rath Medulla
68157899,I_Normal_0459,Zinogre Horn
68157900,I_Normal_0460,Zinogre Tail
68157901,I_Normal_0461,Fulgurbug
68157902,I_Normal_0462,Mizutsune Fin
68157903,I_Normal_0463,Mizutsune Tail
68157904,I_Normal_0464,Rathalos Tail
68157905,I_Normal_0465,Rare Steak
68157906,I_Normal_0466,Burnt Meat
68157907,I_Normal_0467,Ancient Potion
68157908,I_Normal_0468,Dust of Life
68157909,I_Normal_0469,Gourmet Fish
68157910,I_Normal_0470,Sushifish
68157911,I_Normal_0471,Immunizer
68157912,I_Normal_0472,Ration
68157913,I_Normal_0473,Dash Juice
68157914,I_Normal_0474,Antidote Herb
68157915,I_Normal_0475,Herbal Medicine
68157916,I_Normal_0476,Herbal Powder
68157917,I_Normal_0477,Demondrug
68157918,I_Normal_0478,Mega Demondrug
68157919,I_Normal_0479,Might Seed
68157920,I_Normal_0480,Demon Powder
68157921,I_Normal_0481,Powertalon
68157922,I_Normal_0482,Armorskin
68157923,I_Normal_0483,Mega Armorskin
68157924,I_Normal_0484,Adamant Seed
68157925,I_Normal_0485,Hardshell Powder
68157926,I_Normal_0486,Armortalon
68157927,I_Normal_0487,Mega Barrel Bomb
68157928,I_Normal_0488,Poisoned Meat
68157929,I_Normal_0489,Tinged Meat
68157930,I_Normal_0490,Drugged Meat
68157931,I_Normal_0491,Farcaster
68157932,I_Normal_0492,Poison Smoke Bomb
68157933,I_Normal_0493,Sonic Bomb
68157934,I_Normal_0494,Tranq Bomb
68157935,I_Normal_0495,Poison Kunai
68157936,I_Normal_0496,Sleep Kunai
68157937,I_Normal_0497,Paralysis Kunai
68157938,I_Normal_0498,<COLOR FF0000>#Rejected#</COLOR> I_0498_Name
68157939,I_Normal_0499,Whetfish
68157940,I_Normal_0500,EZ Ration
68157941,I_Normal_0501,First-aid Med
68157942,I_Normal_0502,First-aid Med+
68157943,I_Normal_0503,EZ Max Potion
68157944,I_Normal_0504,EZ Lifepowder
68157945,I_Normal_0505,EZ Dust of Life
68157946,I_Normal_0506,EZ Herbal Powder
68157947,I_Normal_0507,EZ Demon Powder
68157948,I_Normal_0508,EZ Hardshell Powder
68157949,I_Normal_0509,EZ Shock Trap
68157950,I_Normal_0510,EZ Pitfall Trap
68157951,I_Normal_0511,EZ Large Barrel Bomb
68157952,I_Normal_0512,EZ Sonic Bomb
68157953,I_Normal_0513,EZ Flash Bomb
68157954,I_Normal_0514,EZ Farcaster
68157955,I_Normal_0515,EZ Tranq Bomb
68157956,I_Normal_0516,Gastronome Tuna
68157957,I_Normal_0517,Great Gastronome Tuna
68157958,I_Normal_0518,Great Izuchi Pelt
68157959,I_Normal_0519,Great Izuchi Hide
68157960,I_Normal_0520,Great Izuchi Tail
68157961,I_Normal_0521,Great Izuchi Pelt+
68157962,I_Normal_0522,Great Izuchi Hide+
68157963,I_Normal_0523,Great Izuchi Tail+
68157964,I_Normal_0524,Izuchi Pelt
68157965,I_Normal_0525,Izuchi Tail
68157966,I_Normal_0526,Izuchi Pelt+
68157967,I_Normal_0527,Aknosom Scale+
68157968,I_Normal_0528,Aknosom Feather+
68157969,I_Normal_0529,Aknosom Crest+
68157970,I_Normal_0530,Shiny Nacre
68157971,I_Normal_0531,Tetranadon Hide+
68157972,I_Normal_0532,Tetra Carapace+
68157973,I_Normal_0533,Tetranadon Disc+
68157974,I_Normal_0534,Tetranadon Beak+
68157975,I_Normal_0535,Bishaten Fur
68157976,I_Normal_0536,Bishaten Horn
68157977,I_Normal_0537,Bishaten Feather
68157978,I_Normal_0538,Bisha Tailcase
68157979,I_Normal_0539,Bishaten Talon
68157980,I_Normal_0540,Poisonfruit
68157981,I_Normal_0541,Parafruit
68157982,I_Normal_0542,Flashfruit
68157983,I_Normal_0543,Bishaten Fur+
68157984,I_Normal_0544,Bishaten Horn+
68157985,I_Normal_0545,Bishaten Feather+
68157986,I_Normal_0546,Bishaten Tailcase+
68157987,I_Normal_0547,Bishaten Talon+
68157988,I_Normal_0548,Somnacanth Scale+
68157989,I_Normal_0549,Somnacanth Shell+
68157990,I_Normal_0550,Somnacanth Claw+
68157991,I_Normal_0551,Somnacanth Fin+
68157992,I_Normal_0552,Somnacanth Sedative
68157993,I_Normal_0553,Magnamalo Scale+
68157994,I_Normal_0554,Magnamalo Shell+
68157995,I_Normal_0555,Magnamalo Blade+
68157996,I_Normal_0556,Magnamalo Horn+
68157997,I_Normal_0557,Magnamalo Scute+
68157998,I_Normal_0558,Purple Magna Orb
68157999,I_Normal_0559,Magna Soulprism
68158000,I_Normal_0560,Almudron Scale+
68158001,I_Normal_0561,Almudron Shell+
68158002,I_Normal_0562,Almudron Claw+
68158003,I_Normal_0563,Almudron Fin+
68158004,I_Normal_0564,Almudron Whisker+
68158005,I_Normal_0565,Golden Almudron Orb
68158006,I_Normal_0566,Golden Sludge
68158007,I_Normal_0567,Goss Harag Fur+
68158008,I_Normal_0568,Goss Harag Hide+
68158009,I_Normal_0569,Goss Harag Brace+
68158010,I_Normal_0570,Goss Harag Horn+
68158011,I_Normal_0571,Goss Harag Claw+
68158012,I_Normal_0572,Block of Ice+
68158013,I_Normal_0573,Rakna-Kadaki Carapace
68158014,I_Normal_0574,Rakna-Kadaki Silk
68158015,I_Normal_0575,Rakna-Kadaki Glowgut
68158016,I_Normal_0576,Rakna-Kadaki Sharpclaw
68158017,I_Normal_0577,Rakna-Kadaki Spike
68158018,I_Normal_0578,Ibushi Carapace
68158019,I_Normal_0579,Ibushi Hide+
68158020,I_Normal_0580,Ibushi Horn+
68158021,I_Normal_0581,Ibushi Claw+
68158022,I_Normal_0582,Ibushi Windsac
68158023,I_Normal_0583,Ibushi Bluespike
68158024,I_Normal_0584,Wind Serpent Orb
68158025,I_Normal_0585,Narwa Carapace
68158026,I_Normal_0586,Narwa Hide+
68158027,I_Normal_0587,Narwa Horn+
68158028,I_Normal_0588,Narwa Claw+
68158029,I_Normal_0589,Narwa Sparksac
68158030,I_Normal_0590,Narwa Tentacle
68158031,I_Normal_0591,Thunder Serpent Orb
68158032,I_Normal_0592,Scale of Origin
68158033,I_Normal_0593,Horn of Origin
68158034,I_Normal_0594,Orb of Origin
68158035,I_Normal_0595,Shimmering Scale
68158036,I_Normal_0596,Gleaming Shell
68158037,I_Normal_0597,Valstrax Claw+
68158038,I_Normal_0598,Valstrax Tail
68158039,I_Normal_0599,Rouge Spikewing
68158040,I_Normal_0600,Valstrax Spineshell
68158041,I_Normal_0601,Red Dragon Orb
68158042,I_Normal_0602,Crimson Liquid
68158043,I_Normal_0603,Apex Beastclaw
68158044,I_Normal_0604,Apex Bubblefoam
68158045,I_Normal_0605,Apex Blaze Sac
68158046,I_Normal_0606,Apex Curlhorn
68158047,I_Normal_0607,Apex Shockshell
68158048,I_Normal_0608,Apex Venom Spike
68158049,I_Normal_0609,Bombadgy Igniter
68158050,I_Normal_0610,Rachnoid Silk
68158051,I_Normal_0611,Rachnoid Silk+
68158052,I_Normal_0612,Tobi-Kadachi Scale
68158053,I_Normal_0613,Tobi-Kadachi Scale+
68158054,I_Normal_0614,Tobi-Kadachi Pelt
68158055,I_Normal_0615,Tobi-Kadachi Pelt+
68158056,I_Normal_0616,Tobi-Kadachi Membrane
68158057,I_Normal_0617,Tobi-Kadachi Claw
68158058,I_Normal_0618,Tobi-Kadachi Claw+
68158059,I_Normal_0619,Tobi-Kadachi Electrode
68158060,I_Normal_0620,Tobi-Kadachi Electrode+
68158061,I_Normal_0621,Jyuratodus Scale+
68158062,I_Normal_0622,Jyuratodus Carapace
68158063,I_Normal_0623,Jyuratodus Fang+
68158064,I_Normal_0624,Jyuratodus Fin+
68158065,I_Normal_0625,Chameleos Wing
68158066,I_Normal_0626,Suspicious Fang
68158067,I_Normal_0627,Suspicious Fang+
68158068,I_Normal_0628,Kulu-Ya-Ku Scale
68158069,I_Normal_0629,Kulu-Ya-Ku Scale+
68158070,I_Normal_0630,Kulu-Ya-Ku Hide
68158071,I_Normal_0631,Kulu-Ya-Ku Hide+
68158072,I_Normal_0632,Kulu-Ya-Ku Beak
68158073,I_Normal_0633,Kulu-Ya-Ku Beak+
68158074,I_Normal_0634,Kulu-Ya-Ku Plume
68158075,I_Normal_0635,Kulu-Ya-Ku Plume+
68158076,I_Normal_0636,Pukei-Pukei Scale
68158077,I_Normal_0637,Pukei-Pukei Scale+
68158078,I_Normal_0638,Pukei-Pukei Shell
68158079,I_Normal_0639,Pukei-Pukei Carapace
68158080,I_Normal_0640,Pukei-Pukei Quill
68158081,I_Normal_0641,Pukei-Pukei Wing
68158082,I_Normal_0642,Pukei-Pukei Sac
68158083,I_Normal_0643,Pukei-Pukei Sac+
68158084,I_Normal_0644,Pukei-Pukei Tail
68158085,I_Normal_0645,Anjanath Scale+
68158086,I_Normal_0646,Anjanath Pelt+
68158087,I_Normal_0647,Anjanath Fang+
68158088,I_Normal_0648,Anjanath Nosebone+
68158089,I_Normal_0649,Anjanath Gem
68158090,I_Normal_0650,Bazelgeuse Scale+
68158091,I_Normal_0651,Bazelgeuse Carapace
68158092,I_Normal_0652,Bazelgeuse Tail
68158093,I_Normal_0653,Bazelgeuse Fuse
68158094,I_Normal_0654,Bazelgeuse Talon
68158095,I_Normal_0655,Bazelgeuse Wing
68158096,I_Normal_0656,Bazelgeuse Gem
68158097,I_Normal_0657,Colossal Bone
68158098,I_Normal_0658,Great Stoutbone
68158099,I_Normal_0659,Rich Mud
68158100,I_Normal_0660,Rathian Scrap
68158101,I_Normal_0661,Rathian Scrap+
68158102,I_Normal_0662,Rathalos Scrap
68158103,I_Normal_0663,Rathalos Scrap+
68158104,I_Normal_0664,Zinogre Scrap
68158105,I_Normal_0665,Zinogre Scrap+
68158106,I_Normal_0666,Arzuros Scrap
68158107,I_Normal_0667,Arzuros Scrap+
68158108,I_Normal_0668,Baggi Scrap
68158109,I_Normal_0669,Baggi Scrap+
68158110,I_Normal_0670,Lagombi Scrap
68158111,I_Normal_0671,Lagombi Scrap+
68158112,I_Normal_0672,Barroth Scrap
68158113,I_Normal_0673,Barroth Scrap+
68158114,I_Normal_0674,Wroggi Scrap
68158115,I_Normal_0675,Wroggi Scrap+
68158116,I_Normal_0676,Royal Ludroth Scrap
68158117,I_Normal_0677,Royal Ludroth Scrap+
68158118,I_Normal_0678,Barioth Scrap
68158119,I_Normal_0679,Barioth Scrap+
68158120,I_Normal_0680,Volvidon Scrap
68158121,I_Normal_0681,Volvidon Scrap+
68158122,I_Normal_0682,Basarios Scrap
68158123,I_Normal_0683,Basarios Scrap+
68158124,I_Normal_0684,Nargacuga Scrap
68158125,I_Normal_0685,Nargacuga Scrap+
68158126,I_Normal_0686,Nitroshroom
68158127,I_Normal_0687,Parashroom
68158128,I_Normal_0688,Toadstool
68158129,I_Normal_0689,Exciteshroom
68158130,I_Normal_0690,Mandragora
68158131,I_Normal_0691,Icium
68158132,I_Normal_0692,Gracium
68158133,I_Normal_0693,Lightcrystal
68158134,I_Normal_0694,Novacrystal
68158135,I_Normal_0695,Firestone
68158136,I_Normal_0696,Firecell Stone
68158137,I_Normal_0697,Carbalite Ore
68158138,I_Normal_0698,Fucium Ore
68158139,I_Normal_0699,Bitterbug
68158140,I_Normal_0700,Flashbug
68158141,I_Normal_0701,Thunderbug
68158142,I_Normal_0702,Fire Herb
68158143,I_Normal_0703,Ivy
68158144,I_Normal_0704,Sleep Herb
68158145,I_Normal_0705,Snow Herb
68158146,I_Normal_0706,Flowfern
68158147,I_Normal_0707,Sunscorned Grass
68158148,I_Normal_0708,Gloamgrass Bud
68158149,I_Normal_0709,Felvine
68158150,I_Normal_0710,Smokenut
68158151,I_Normal_0711,Dragonfell Berry
68158152,I_Normal_0712,Huskberry
68158153,I_Normal_0713,Needleberry
68158154,I_Normal_0714,Bomberry
68158155,I_Normal_0715,Blastnut
68158156,I_Normal_0716,Dragonstrike Nut
68158157,I_Normal_0717,Slashberry
68158158,I_Normal_0718,Sturdy Bone
68158159,I_Normal_0719,Twisted Remains
68158160,I_Normal_0720,Dragonhusk Shard
68158161,I_Normal_0721,Eroded Skeleton
68158162,I_Normal_0722,Quality Bone
68158163,I_Normal_0723,Dragonbone Relic
68158164,I_Normal_0724,Twisted Rockbone
68158165,I_Normal_0725,Eroded Husk
68158166,I_Normal_0726,Spider Web
68158167,I_Normal_0727,Gunpowder
68158168,I_Normal_0728,Barrel Lid
68158169,I_Normal_0729,Pricey Shroom
68158170,I_Normal_0730,Firelantern
68158171,I_Normal_0731,Wisplantern
68158172,I_Normal_0732,Phantolantern
68158173,I_Normal_0733,Super Shoot
68158174,I_Normal_0734,Choice Shoot
68158175,I_Normal_0735,Pricey Shoot
68158176,I_Normal_0736,Cool Frostcone
68158177,I_Normal_0737,Gelid Frostcone
68158178,I_Normal_0738,Bitter Frostcone
68158179,I_Normal_0739,Raftshell
68158180,I_Normal_0740,Boatshell
68158181,I_Normal_0741,Shipshell
68158182,I_Normal_0742,Foreign Coin
68158183,I_Normal_0743,Royal Mint Coin
68158184,I_Normal_0744,Mysterious Coin
68158185,I_Normal_0745,Simple Prism
68158186,I_Normal_0746,Misty Prism
68158187,I_Normal_0747,Cascade Prism
68158188,I_Normal_0748,Hearty Pitcher
68158189,I_Normal_0749,Gourmet Pitcher
68158190,I_Normal_0750,Tripoint Pitcher
68158191,I_Normal_0751,Royal Rhino
68158192,I_Normal_0752,King Rhino
68158193,I_Normal_0753,Divine Rhino
68158194,I_Normal_0754,Bauble Cactus
68158195,I_Normal_0755,Jewel Cactus
68158196,I_Normal_0756,Kingly Cactus
68158197,I_Normal_0757,Tropical Berry
68158198,I_Normal_0758,Desert Berry
68158199,I_Normal_0759,Lava Berry
68158200,I_Normal_0760,Sand Rose
68158201,I_Normal_0761,Rock Rose
68158202,I_Normal_0762,Gaia Rose
68158203,I_Normal_0763,Coal
68158204,I_Normal_0764,Volatile Coal
68158205,I_Normal_0765,Inflammable Coal
68158206,I_Normal_0766,Chalcedony Bone
68158207,I_Normal_0767,Chalcedony Greatbone
68158208,I_Normal_0768,Chalcedony Skull
68158209,I_Normal_0769,Bismuth Fragment
68158210,I_Normal_0770,Bismuth Prism
68158211,I_Normal_0771,Bismuth Augite
68158212,I_Normal_0772,Wyvern Egg
68158213,I_Normal_0773,Quality Wyvern Egg
68158214,I_Normal_0774,Frost Fossil
68158215,I_Normal_0775,Big Frost Fossil
68158216,I_Normal_0776,Herbivore Egg
68158217,I_Normal_0777,Rhenoplos Egg+
68158218,I_Normal_0778,Laffresia
68158219,I_Normal_0779,Alaffresia
68158220,I_Normal_0780,Bismuth Chunk
68158221,I_Normal_0781,Big Bismuth Chunk
68158222,I_Normal_0782,Great Whetfish
68158223,I_Normal_0783,Combustuna
68158224,I_Normal_0784,Big Combustuna
68158225,I_Normal_0785,Flamefin
68158226,I_Normal_0786,Great Flamefin
68158227,I_Normal_0787,Scatterfish
68158228,I_Normal_0788,Goldenfry
68158229,I_Normal_0789,Speartuna
68158230,I_Normal_0790,Crimsonfish
68158231,I_Normal_0791,Goldenfish
68158232,I_Normal_0792,Platinumfish
68158233,I_Normal_0793,Brocadefish
68158234,I_Normal_0794,King Brocadefish
68158235,I_Normal_0795,Supreme Brocadefish
68158236,I_Normal_0796,<COLOR FF0000>#Rejected#</COLOR> I_0796_Name
68158237,I_Normal_0797,Fire Barrel Bomb
68158238,I_Normal_0798,Exploding Kunai
68158239,I_Normal_0799,<COLOR FF0000>#Rejected#</COLOR> I_0799_Name
68158240,I_Normal_0800,<COLOR FF0000>#Rejected#</COLOR> I_0800_Name
68158241,I_Normal_0801,<COLOR FF0000>#Rejected#</COLOR> I_0801_Name
68158242,I_Normal_0802,<COLOR FF0000>#Rejected#</COLOR> I_0802_Name
68158243,I_Normal_0803,<COLOR FF0000>#Rejected#</COLOR> I_0803_Name
68158244,I_Normal_0804,<COLOR FF0000>#Rejected#</COLOR> I_0804_Name
68158245,I_Normal_0805,<COLOR FF0000>#Rejected#</COLOR> I_0805_Name
68158246,I_Normal_0806,<COLOR FF0000>#Rejected#</COLOR> I_0806_Name
68158247,I_Normal_0807,Humble Scrap
68158248,I_Normal_0808,Humble Scrap+
68158249,I_Normal_0809,<COLOR FF0000>#Rejected#</COLOR> I_0809_Name
68158250,I_Normal_0810,<COLOR FF0000>#Rejected#</COLOR> I_0810_Name
68158251,I_Normal_0811,<COLOR FF0000>#Rejected#</COLOR> I_0811_Name
68158252,I_Normal_0812,<COLOR FF0000>#Rejected#</COLOR> I_0812_Name
68158253,I_Normal_0813,Ore Scrap
68158254,I_Normal_0814,Ore Scrap+
68158255,I_Normal_0815,Insect Scrap
68158256,I_Normal_0816,Insect Scrap+
68158257,I_Normal_0817,Bone Scrap
68158258,I_Normal_0818,Bone Scrap+
68158259,I_Normal_0819,Fur Scrap
68158260,I_Normal_0820,Fur Scrap+
68158261,I_Normal_0821,Slagtoth Scrap
68158262,I_Normal_0822,Slagtoth Scrap+
68158263,I_Normal_0823,Jaggi Scrap
68158264,I_Normal_0824,Jaggi Scrap+
68158265,I_Normal_0825,Bnahabra Scrap
68158266,I_Normal_0826,Bnahabra Scrap+
68158267,I_Normal_0827,Rhenoplos Scrap
68158268,I_Normal_0828,Rhenoplos Scrap+
68158269,I_Normal_0829,Izuchi Scrap
68158270,I_Normal_0830,Izuchi Scrap+
68158271,I_Normal_0831,Tetranadon Scrap
68158272,I_Normal_0832,Tetranadon Scrap+
68158273,I_Normal_0833,Khezu Scrap
68158274,I_Normal_0834,Khezu Scrap+
68158275,I_Normal_0835,Kulu-Ya-Ku Scrap
68158276,I_Normal_0836,Kulu-Ya-Ku Scrap+
68158277,I_Normal_0837,Aknosom Scrap
68158278,I_Normal_0838,Aknosom Scrap+
68158279,I_Normal_0839,Somnacanth Scrap
68158280,I_Normal_0840,Somnacanth Scrap+
68158281,I_Normal_0841,Pukei Scrap
68158282,I_Normal_0842,Pukei Scrap+
68158283,I_Normal_0843,Kadachi Scrap
68158284,I_Normal_0844,Kadachi Scrap+
68158285,I_Normal_0845,Bishaten Scrap
68158286,I_Normal_0846,Bishaten Scrap+
68158287,I_Normal_0847,Anjanath Scrap
68158288,I_Normal_0848,Anjanath Scrap+
68158289,I_Normal_0849,Mizutsune Scrap
68158290,I_Normal_0850,Mizutsune Scrap+
68158291,I_Normal_0851,Magnamalo Scrap
68158292,I_Normal_0852,Magnamalo Scrap+
68158293,I_Normal_0853,Goss Harag Scrap
68158294,I_Normal_0854,Goss Harag Scrap+
68158295,I_Normal_0855,Diablos Scrap
68158296,I_Normal_0856,Diablos Scrap+
68158297,I_Normal_0857,Tigrex Scrap
68158298,I_Normal_0858,Tigrex Scrap+
68158299,I_Normal_0859,Almudron Scrap
68158300,I_Normal_0860,Almudron Scrap+
68158301,I_Normal_0861,Jyura Scrap+
68158302,I_Normal_0862,Ibushi Scrap+
68158303,I_Normal_0863,Rajang Scrap+
68158304,I_Normal_0864,Rakna-Kadaki Scrap+
68158305,I_Normal_0865,Narwa Scrap+
68158306,I_Normal_0866,Bazel Scrap+
68158307,I_Normal_0867,Chameleos Scrap+
68158308,I_Normal_0868,Kushala Daora Scrap+
68158309,I_Normal_0869,Teostra Scrap+
68158310,I_Normal_0870,Valstrax Scrap+
68158311,I_Normal_0871,Popfish
68158312,I_Normal_0872,Ballista Shot
68158313,I_Normal_0873,Crag Shot
68158314,I_Normal_0874,Retreat Shot
68158315,I_Normal_0875,Cannon Ammo
68158316,I_Normal_0876,<COLOR FF0000>#Rejected#</COLOR> I_0876_Name
68158317,I_Normal_0877,C. Thunder Ammo
68158318,I_Normal_0878,Flaming Shot
68158319,I_Normal_0879,Flaming Beam
68158320,I_Normal_0880,<COLOR FF0000>#Rejected#</COLOR> I_0880_Name
68158321,I_Normal_0881,Q. Rapid Shot
68158322,I_Normal_0882,Q. Cluster Shot
68158323,I_Normal_0883,Silkbind Shot
68158324,I_Normal_0884,<COLOR FF0000>#Rejected#</COLOR> I_0884_Name
68158325,I_Normal_0885,<COLOR FF0000>#Rejected#</COLOR> I_0885_Name
68158326,I_Normal_0886,<COLOR FF0000>#Rejected#</COLOR> I_0886_Name
68158327,I_Normal_0887,Mountshrooms
68158328,I_Normal_0888,Shadeshrooms
68158329,I_Normal_0889,Stargazer Flower
68158330,I_Normal_0890,Stargazer Bloom
68158331,I_Normal_0891,Sinister Cloth
68158332,I_Normal_0892,Sinister Darkcloth
68158333,I_Normal_0893,Bumblepumpkin
68158334,I_Normal_0894,Omegapumpkin
68158335,I_Normal_0895,Cutejelly
68158336,I_Normal_0896,Gothjelly
68158337,I_Normal_0897,Dreamshell
68158338,I_Normal_0898,Toxic Kumori
68158339,I_Normal_0899,Butterfly Beetle
68158340,I_Normal_0900,Blossom Cricket
68158341,I_Normal_0901,Dosbiscus
68158342,I_Normal_0902,Armored Bream
68158343,I_Normal_0903,Springnight Carp
68158344,I_Normal_0904,Beast Gem
68158345,I_Normal_0905,Acute Fang
68158346,I_Normal_0906,Fabled Spice
68158347,I_Normal_0907,Legendary Herb
68158348,I_Normal_0908,Rathian Scroll
68158349,I_Normal_0909,Rathalos Scroll
68158350,I_Normal_0910,Khezu Scroll
68158351,I_Normal_0911,Basarios Scroll
68158352,I_Normal_0912,Diablos Scroll
68158353,I_Normal_0913,Rajang Scroll
68158354,I_Normal_0914,Daora Scroll
68158355,I_Normal_0915,Chameleos Scroll
68158356,I_Normal_0916,Teostra Scroll
68158357,I_Normal_0917,Tigrex Scroll
68158358,I_Normal_0918,Nargacuga Scroll
68158359,I_Normal_0919,Barioth Scroll
68158360,I_Normal_0920,Barroth Scroll
68158361,I_Normal_0921,Ludroth Scroll
68158362,I_Normal_0922,Baggi Scroll
68158363,I_Normal_0923,Zinogre Scroll
68158364,I_Normal_0924,Wroggi Scroll
68158365,I_Normal_0925,Arzuros Scroll
68158366,I_Normal_0926,Lagombi Scroll
68158367,I_Normal_0927,Volvidon Scroll
68158368,I_Normal_0928,Mizutsune Scroll
68158369,I_Normal_0929,Valstrax Scroll
68158370,I_Normal_0930,Magnamalo Scroll
68158371,I_Normal_0931,Bishaten Scroll
68158372,I_Normal_0932,Aknosom Scroll
68158373,I_Normal_0933,Tetranadon Scroll
68158374,I_Normal_0934,Somna Scroll
68158375,I_Normal_0935,Rakna-Kadaki Scroll
68158376,I_Normal_0936,Almudron Scroll
68158377,I_Normal_0937,Ibushi Scroll
68158378,I_Normal_0938,Goss Scroll
68158379,I_Normal_0939,Izuchi Scroll
68158380,I_Normal_0940,Narwa Scroll
68158381,I_Normal_0941,Anjanath Scroll
68158382,I_Normal_0942,Pukei Scroll
68158383,I_Normal_0943,Kulu Scroll
68158384,I_Normal_0944,Jyura Scroll
68158385,I_Normal_0945,Kadachi Scroll
68158386,I_Normal_0946,Bazel Scroll
68158387,I_Normal_0947,<COLOR FF0000>#Rejected#</COLOR> I_0947_Name
68158388,I_Normal_0948,Apex Arzuros Scroll
68158389,I_Normal_0949,Apex Rathian Scroll
68158390,I_Normal_0950,Apex Rathalos Scroll
68158391,I_Normal_0951,Apex Mizutsune Scroll
68158392,I_Normal_0952,Apex Diablos Scroll
68158393,I_Normal_0953,Apex Zinogre Scroll
68158394,I_Normal_0954,The Leader
68158395,I_Normal_0955,Fast Friends
68158396,I_Normal_0956,Slayer of Malice
68158397,I_Normal_0957,Moonlit Night
68158398,I_Normal_0958,The Showdown
68158399,I_Normal_0959,Felyne Daruma
68158400,I_Normal_0960,Golden Hojo Cast
68158401,I_Normal_0961,Kamura Twins
68158402,I_Normal_0962,Lucky Felyne
68158403,I_Normal_0963,Bombadgy Pot
68158404,I_Normal_0964,Moofy Doll
68158405,I_Normal_0965,Wheeled Canyne Toy
68158406,I_Normal_0966,Pure Machalite
68158407,I_Normal_0967,Crystal Cluster
68158408,I_Normal_0968,Cohoot Lottery
68158409,I_Normal_0969,Mini Toadversary
68158410,I_Normal_0970,Mini Submarine
68158411,I_Normal_0971,Arzuros Carving
68158412,I_Normal_0972,Magnamalo Carving
68158413,I_Normal_0973,Tetranadon Carving
68158414,I_Normal_0974,Goss Harag Carving
68158415,I_Normal_0975,Bishaten Carving
68158416,I_Normal_0976,Somnacanth Carving
68158417,I_Normal_0977,Izuchi Carving
68158418,I_Normal_0978,Almudron Carving
68158419,I_Normal_0979,Aknosom Carving
68158420,I_Normal_0980,Rakna-Kadaki Carving
68158421,I_Normal_0981,Ibushi Carving
68158422,I_Normal_0982,Narwa Carving
68158423,I_Normal_0983,EZ Meat Bait
68158424,I_Normal_0984,Catalyst
68158425,I_Normal_0985,Net
68158426,I_Normal_0986,Gunpowder Lv2
68158427,I_Normal_0987,Gunpowder Lv3
68158428,I_Normal_0988,Steel Egg
68158429,I_Normal_0989,Silver Egg
68158430,I_Normal_0990,Golden Egg
68158431,I_Normal_0991,Commendation
68158432,I_Normal_0992,High Commendation
68158433,I_Normal_0993,Blazenut
68158434,I_Normal_0994,Flamenut
68158435,I_Normal_0995,White Liver
68158436,I_Normal_0996,Popo Tongue
68158437,I_Normal_0997,Slagtoth Oil
68158438,I_Normal_0998,Monster Guts
68158439,I_Normal_0999,Ripened Mushroom
68158440,I_Normal_1000,Fine Stomach
68158441,I_Normal_1001,Secret Stash
68158442,I_Normal_1002,Round Acorn
68158443,I_Normal_1003,Gargwa Guano
68158444,I_Normal_1004,Gargwa Egg
68158445,I_Normal_1005,Gold Gargwa Egg
68158446,I_Normal_1006,Wyvern Tear
68158447,I_Normal_1007,Large Wyvern Tear
68158448,I_Normal_1008,Beast Tear
68158449,I_Normal_1009,Large Beast Tear
68158450,I_Normal_1010,Drone Substance
68158451,I_Normal_1011,Queen Substance
68158452,I_Normal_1012,Dragon Treasure
68158453,I_Normal_1013,Glittering Nacre
68158454,I_Normal_1014,Outfit Voucher
68158455,I_Normal_1015,<COLOR FF0000>#Rejected#</COLOR> I_1015_Name
68158456,I_Normal_1016,Buddy Ticket
68158457,I_Normal_1017,Kamura Ticket
68158458,I_Normal_1018,Guild Ticket
68158459,I_Normal_1019,Defender Ticket 1
68158460,I_Normal_1020,Defender Ticket 2
68158461,I_Normal_1021,Defender Ticket 3
68158462,I_Normal_1022,Defender Ticket 4
68158463,I_Normal_1023,Defender Ticket 5
68158464,I_Normal_1024,Defender Ticket 6
68158465,I_Normal_1025,Defender Ticket 7
68158466,I_Normal_1026,Defender Ticket 8
68158467,I_Normal_1027,King's Crest
68158468,I_Normal_1028,Rath Wingtalon+
68158469,I_Normal_1029,Basarios Tail
68158470,I_Normal_1030,Basarios Pleura
68158471,I_Normal_1031,Basarios Pleura+
68158472,I_Normal_1032,Jaggi Hide+
68158473,I_Normal_1033,Hard Armor Sphere
68158474,I_Normal_1034,Heavy Armor Sphere
68158475,I_Normal_1035,Aquaglow Jewel
68158476,I_Normal_1036,Bloodrun Jewel
68158477,I_Normal_1037,Lazurite Jewel
68158478,I_Normal_1038,<COLOR FF0000>#Rejected#</COLOR> I_1038_Name
68158479,I_Normal_1039,<COLOR FF0000>#Rejected#</COLOR> I_1039_Name
68158480,I_Normal_1040,Jumbofruit
68158481,I_Normal_1041,Lagniapple
68158482,I_Normal_1042,Dung
68158483,I_Normal_1043,Dung Bomb
68158484,I_Normal_1044,EZ Dung Bomb
68158485,I_Normal_1045,Kulu Coin
68158486,I_Normal_1046,Barroth Coin
68158487,I_Normal_1047,<COLOR FF0000>#Rejected#</COLOR> I_1047_Name
68158488,I_Normal_1048,Nargacuga Coin
68158489,I_Normal_1049,Barioth Coin
68158490,I_Normal_1050,Rajang Coin
68158491,I_Normal_1051,<COLOR FF0000>#Rejected#</COLOR> I_1051_Name
68158492,I_Normal_1052,<COLOR FF0000>#Rejected#</COLOR> I_1052_Name
68158493,I_Normal_1053,Bazelgeuse Coin
68158494,I_Normal_1054,Pinnacle Coin
68158495,I_Normal_1055,Hunter King Coin
68158496,I_Normal_1056,Ace Hunter Coin
68158497,I_Normal_1057,<COLOR FF0000>#Rejected#</COLOR> I_1057_Name
68158498,I_Normal_1058,<COLOR FF0000>#Rejected#</COLOR> I_1058_Name
68158499,I_Normal_1059,C. Piercing Ammo
68158500,I_Normal_1060,Gray Seed
68158501,I_Normal_1061,Crimson Seed
68158502,I_Normal_1062,Great Wirebug
68158503,I_Normal_1063,2x Ballista Shot
68158504,I_Normal_1064,3x Ballista Shot
68158505,I_Normal_1065,<COLOR FF0000>#Rejected#</COLOR> I_1065_Name
68158506,I_Normal_1066,Friend Voucher
68158507,I_Normal_1067,Water Barrel Bomb
68158508,I_Normal_1068,Thunder Barrel Bomb
68158509,I_Normal_1069,Ice Barrel Bomb
68158510,I_Normal_1070,Blue Seed
68158511,I_Normal_1071,Gold Seed
68158512,I_Normal_1072,Silver Seed
68158513,I_Normal_1073,2x Cannon Ammo
68158514,I_Normal_1074,2x Cannon Ammo+
68158515,I_Normal_1075,Defender Ticket 9
68158516,I_Normal_1076,Bhernastone
68158517,I_Normal_1077,Dundormarin
68158518,I_Normal_1078,Loc Lac Ore
68158519,I_Normal_1079,Val Habar Quartz
68158520,I_Normal_1080,Minegardenite
68158521,I_Normal_1081,<COLOR FF0000>#Rejected#</COLOR> I_1081_Name
68158522,I_Normal_1082,Wisdom Crystal
68158523,I_Normal_1083,Wild Dark Leather
68158524,I_Normal_1084,Disguise Device
68158525,I_Normal_1085,Shady Crystal
68158526,I_Normal_1086,Celestial Scroll
68158527,I_Normal_1087,Sun Goddess Picture
68158528,I_Normal_1088,Satsui no Hado
68158529,I_Normal_1089,Dog Bolts
68158530,I_Normal_1090,Broken Knight Armor
68158531,I_Normal_1091 | ,Consume
68158532,I_Normal_1092,Diving Ticket
68158533,I_Normal_1093 | ,Consume
68158534,I_Normal_1094 | ,Consume
68158535,I_Normal_1095 | ,Consume
68158536,I_Normal_1096,Ring
68158537,I_Normal_1097,Sonic Figurine
68158538,I_Normal_1098,Knuckles Figurine
68158539,I_Normal_1099,Tails Figurine
68158540,I_Normal_1100,Buddy Ring
68158541,I_Normal_1101,Hunter Ring
68158542,I_Normal_1102 | ,Consume
68158543,I_Normal_1103 | ,Consume
68158544,I_Normal_1104,Mudbeetle
68158545,I_Normal_1105,Paratoad
68158546,I_Normal_1106,Puppet Spider
68158547,I_Normal_1107,Escuregot
68158548,I_Normal_1108,Aurortle
68158549,I_Normal_1109,Stinkmink
68158550,I_Normal_1110,Wailnard
68158551,I_Normal_1111,Firebeetle
68158552,I_Normal_1112,Thunderbeetle
68158553,I_Normal_1113,Snowbeetle
68158554,I_Normal_1114,Trapbugs
68158555,I_Normal_1115,Lanternbug
68158556,I_Normal_1116,Brewhare
68158557,I_Normal_1117,Antidobra
68158558,I_Normal_1118,Sleeptoad
68158559,I_Normal_1119,Poisontoad
68158560,I_Normal_1120,Blastoad
68158561,I_Normal_1121,Spiribird
68158562,I_Normal_1122,Golden Spiribug
68158563,I_Normal_1123,Gilded Spiribug
68158564,I_Normal_1124,Gustcrab
