67108864,I_Unclassified_None,N/A
67108865,I_Unclassified_Max,N/A
68157440,I_Normal_0000,Kunai arrojadizo
68157441,I_Normal_0001,<COLOR FF0000>#Rejected#</COLOR> I_0001_Name
68157442,I_Normal_0002,Bomba de barril
68157443,I_Normal_0003,Bomba barril grande
68157444,I_Normal_0004,Trampa eléctrica
68157445,I_Normal_0005,Poción máxima
68157446,I_Normal_0006,Poción
68157447,I_Normal_0007,Megapoción
68157448,I_Normal_0008,Filete al punto
68157449,I_Normal_0009,Polvo de vida
68157450,I_Normal_0010,Piedra de afilar
68157451,I_Normal_0011,<COLOR FF0000>#Rejected#</COLOR> I_0011_Name
68157452,I_Normal_0012,<COLOR FF0000>#Rejected#</COLOR> I_0012_Name
68157453,I_Normal_0013,Antídoto
68157454,I_Normal_0014,Limpiador
68157455,I_Normal_0015,Desodorante
68157456,I_Normal_0016,<COLOR FF0000>#Rejected#</COLOR> I_0016_Name
68157457,I_Normal_0017,<COLOR FF0000>#Rejected#</COLOR> I_0017_Name
68157458,I_Normal_0018,Asador barbacoa
68157459,I_Normal_0019,<COLOR FF0000>#Rejected#</COLOR> I_0019_Name
68157460,I_Normal_0020,<COLOR FF0000>#Rejected#</COLOR> I_0020_Name
68157461,I_Normal_0021,<COLOR FF0000>#Rejected#</COLOR> I_0021_Name
68157462,I_Normal_0022,<COLOR FF0000>#Rejected#</COLOR> I_0022_Name
68157463,I_Normal_0023,Frasco vacío
68157464,I_Normal_0024,Barril pequeño
68157465,I_Normal_0025,Barril grande
68157466,I_Normal_0026,Herram. para trampas
68157467,I_Normal_0027,Amuleto de poder
68157468,I_Normal_0028,Amuleto armadura
68157469,I_Normal_0029,D normal nv1
68157470,I_Normal_0030,D normal nv2
68157471,I_Normal_0031,D normal nv3
68157472,I_Normal_0032,D perforante nv1
68157473,I_Normal_0033,D perforante nv2
68157474,I_Normal_0034,D perforante nv3
68157475,I_Normal_0035,D abanico nv1
68157476,I_Normal_0036,D abanico nv2
68157477,I_Normal_0037,D abanico nv3
68157478,I_Normal_0038,D explosivo nv1
68157479,I_Normal_0039,D explosivo nv2
68157480,I_Normal_0040,D racimo nv1
68157481,I_Normal_0041,D racimo nv2
68157482,I_Normal_0042,D veneno nv1
68157483,I_Normal_0043,D veneno nv2
68157484,I_Normal_0044,D paralizante nv1
68157485,I_Normal_0045,D paralizante nv2
68157486,I_Normal_0046,D sueño nv1
68157487,I_Normal_0047,D sueño nv2
68157488,I_Normal_0048,D fatiga nv1
68157489,I_Normal_0049,D fatiga nv2
68157490,I_Normal_0050,D recuperación nv1
68157491,I_Normal_0051,D fuego
68157492,I_Normal_0052,D agua
68157493,I_Normal_0053,D rayo
68157494,I_Normal_0054,D hielo
68157495,I_Normal_0055,D cortante
68157496,I_Normal_0056,D wyvern
68157497,I_Normal_0057,D tranquilizante
68157498,I_Normal_0058,Vial de potencia
68157499,I_Normal_0059,<COLOR FF0000>#Rejected#</COLOR> I_0059_Name
68157500,I_Normal_0060,Vial de veneno
68157501,I_Normal_0061,Vial paralizante
68157502,I_Normal_0062,Vial de sueño
68157503,I_Normal_0063,Vial de nitro
68157504,I_Normal_0064,Vial quemarropa
68157505,I_Normal_0065,Vial de fatiga
68157506,I_Normal_0066,<COLOR FF0000>#Rejected#</COLOR> I_0066_Name
68157507,I_Normal_0067,<COLOR FF0000>#Rejected#</COLOR> I_0067_Name
68157508,I_Normal_0068,<COLOR FF0000>#Rejected#</COLOR> I_0068_Name
68157509,I_Normal_0069,<COLOR FF0000>#Rejected#</COLOR> I_0069_Name
68157510,I_Normal_0070,<COLOR FF0000>#Rejected#</COLOR> I_0070_Name
68157511,I_Normal_0071,<COLOR FF0000>#Rejected#</COLOR> I_0071_Name
68157512,I_Normal_0072,<COLOR FF0000>#Rejected#</COLOR> I_0072_Name
68157513,I_Normal_0073,<COLOR FF0000>#Rejected#</COLOR> I_0073_Name
68157514,I_Normal_0074,<COLOR FF0000>#Rejected#</COLOR> I_0074_Name
68157515,I_Normal_0075,<COLOR FF0000>#Rejected#</COLOR> I_0075_Name
68157516,I_Normal_0076,<COLOR FF0000>#Rejected#</COLOR> I_0076_Name
68157517,I_Normal_0077,<COLOR FF0000>#Rejected#</COLOR> I_0077_Name
68157518,I_Normal_0078,<COLOR FF0000>#Rejected#</COLOR> I_0078_Name
68157519,I_Normal_0079,<COLOR FF0000>#Rejected#</COLOR> I_0079_Name
68157520,I_Normal_0080,<COLOR FF0000>#Rejected#</COLOR> I_0080_Name
68157521,I_Normal_0081,<COLOR FF0000>#Rejected#</COLOR> I_0081_Name
68157522,I_Normal_0082,<COLOR FF0000>#Rejected#</COLOR> I_0082_Name
68157523,I_Normal_0083,<COLOR FF0000>#Rejected#</COLOR> I_0083_Name
68157524,I_Normal_0084,<COLOR FF0000>#Rejected#</COLOR> I_0084_Name
68157525,I_Normal_0085,<COLOR FF0000>#Rejected#</COLOR> I_0085_Name
68157526,I_Normal_0086,<COLOR FF0000>#Rejected#</COLOR> I_0086_Name
68157527,I_Normal_0087,<COLOR FF0000>#Rejected#</COLOR> I_0087_Name
68157528,I_Normal_0088,<COLOR FF0000>#Rejected#</COLOR> I_0088_Name
68157529,I_Normal_0089,<COLOR FF0000>#Rejected#</COLOR> I_0089_Name
68157530,I_Normal_0090,<COLOR FF0000>#Rejected#</COLOR> I_0090_Name
68157531,I_Normal_0091,Cupón de lotería
68157532,I_Normal_0092,Escama de Rathian
68157533,I_Normal_0093,Caparazón de Rathian
68157534,I_Normal_0094,Membrana de Rathian
68157535,I_Normal_0095,Púa de Rathian
68157536,I_Normal_0096,Placa de Rathian
68157537,I_Normal_0097,Escama de Rathalos
68157538,I_Normal_0098,Caparazón de Rathalos
68157539,I_Normal_0099,Membrana de Rathalos
68157540,I_Normal_0100,Placa de Rathalos
68157541,I_Normal_0101,Tuétano de Rath
68157542,I_Normal_0102,Vesícula flamígera
68157543,I_Normal_0103,Caparazón de Zinogre
68157544,I_Normal_0104,Electropiel de Zinogre
68157545,I_Normal_0105,Garra de Zinogre
68157546,I_Normal_0106,Electrificador de Zinogre
68157547,I_Normal_0107,Placa de Zinogre
68157548,I_Normal_0108,Escama de Mizutsune
68157549,I_Normal_0109,Pelo violeta Mizutsune
68157550,I_Normal_0110,Garra de Mizutsune
68157551,I_Normal_0111,Espuma burbujas
68157552,I_Normal_0112,Placa de Mizutsune
68157553,I_Normal_0113,Escama de Aknosom
68157554,I_Normal_0114,Pluma de Aknosom
68157555,I_Normal_0115,Cresta de Aknosom
68157556,I_Normal_0116,Cuero de Tetranadon
68157557,I_Normal_0117,Coraza de Tetranadon
68157558,I_Normal_0118,Pico de Tetranadon
68157559,I_Normal_0119,Escama de Almudron
68157560,I_Normal_0120,Caparazón de Almudron
68157561,I_Normal_0121,Garra de Almudron
68157562,I_Normal_0122,Carne cruda
68157563,I_Normal_0123,Trampa de escollo
68157564,I_Normal_0124,Cupón dango
68157565,I_Normal_0125,Miel
68157566,I_Normal_0126,Seta azul
68157567,I_Normal_0127,Bicho divino
68157568,I_Normal_0128,Hierba
68157569,I_Normal_0129,Curibaya
68157570,I_Normal_0130,Baya adherente
68157571,I_Normal_0131,Hierro
68157572,I_Normal_0132,Cristal de tierra
68157573,I_Normal_0133,Machalita
68157574,I_Normal_0134,Dragonita
68157575,I_Normal_0135,Seta especial
68157576,I_Normal_0136,Seta selecta
68157577,I_Normal_0137,Bebida energética
68157578,I_Normal_0138,D metralla nv1
68157579,I_Normal_0139,D metralla nv2
68157580,I_Normal_0140,D metralla nv3
68157581,I_Normal_0141,Piel de Anjanath
68157582,I_Normal_0142,Escama de Anjanath
68157583,I_Normal_0143,Colmillo de Anjanath
68157584,I_Normal_0144,Hueso nasal Anjanath
68157585,I_Normal_0145,Cola de Anjanath
68157586,I_Normal_0146,Placa de Anjanath
68157587,I_Normal_0147,<COLOR FF0000>#Rejected#</COLOR> I_0147_Name
68157588,I_Normal_0148,<COLOR FF0000>#Rejected#</COLOR> I_0148_Name
68157589,I_Normal_0149,Esfera armadura
68157590,I_Normal_0150,Esfera armadura+
68157591,I_Normal_0151,Esfera armadura avanz.
68157592,I_Normal_0152,D explosivo nv3
68157593,I_Normal_0153,D racimo nv3
68157594,I_Normal_0154,D recuperación nv2
68157595,I_Normal_0155,D demonio
68157596,I_Normal_0156,D armadura
68157597,I_Normal_0157,D fuego perforante
68157598,I_Normal_0158,D agua perforante
68157599,I_Normal_0159,D hielo perforante
68157600,I_Normal_0160,D rayo perforante
68157601,I_Normal_0161,D draco
68157602,I_Normal_0162,D draco perforante
68157603,I_Normal_0163,Bomba de luz
68157604,I_Normal_0164,Mensaje antiguo
68157605,I_Normal_0165,Pico de Aknosom
68157606,I_Normal_0166,Disco de Tetranadon
68157607,I_Normal_0167,Escama de Somnacanth
68157608,I_Normal_0168,Caparazón de Somnacanth
68157609,I_Normal_0169,Garra de Somnacanth
68157610,I_Normal_0170,Aleta de Somnacanth
68157611,I_Normal_0171,Polvo de Somnacanth
68157612,I_Normal_0172,Escama de Magnamalo
68157613,I_Normal_0173,Caparazón de Magnamalo
68157614,I_Normal_0174,Hoja de Magnamalo
68157615,I_Normal_0175,Cola de Magnamalo
68157616,I_Normal_0176,Cuerno de Magnamalo
68157617,I_Normal_0177,Peto de Magnamalo
68157618,I_Normal_0178,Prisma fantasma Magnamalo
68157619,I_Normal_0179,Placa de Magnamalo
68157620,I_Normal_0180,Fango dorado
68157621,I_Normal_0181,Aleta de Almudron
68157622,I_Normal_0182,Cola de Almudron
68157623,I_Normal_0183,Bigote de Almudron
68157624,I_Normal_0184,Placa de Almudron
68157625,I_Normal_0185,Pelo de Goss Harag
68157626,I_Normal_0186,Cuero de Goss Harag
68157627,I_Normal_0187,Brazal de Goss Harag
68157628,I_Normal_0188,Cuerno de Goss Harag
68157629,I_Normal_0189,Garra de Goss Harag
68157630,I_Normal_0190,Bloque de hielo
68157631,I_Normal_0191,Bilis de Goss Harag
68157632,I_Normal_0192,<COLOR FF0000>#Rejected#</COLOR> I_0192_Name
68157633,I_Normal_0193,<COLOR FF0000>#Rejected#</COLOR> I_0193_Name
68157634,I_Normal_0194,<COLOR FF0000>#Rejected#</COLOR> I_0194_Name
68157635,I_Normal_0195,<COLOR FF0000>#Rejected#</COLOR> I_0195_Name
68157636,I_Normal_0196,<COLOR FF0000>#Rejected#</COLOR> I_0196_Name
68157637,I_Normal_0197,<COLOR FF0000>#Rejected#</COLOR> I_0197_Name
68157638,I_Normal_0198,<COLOR FF0000>#Rejected#</COLOR> I_0198_Name
68157639,I_Normal_0199,<COLOR FF0000>#Rejected#</COLOR> I_0199_Name
68157640,I_Normal_0200,<COLOR FF0000>#Rejected#</COLOR> I_0200_Name
68157641,I_Normal_0201,<COLOR FF0000>#Rejected#</COLOR> I_0201_Name
68157642,I_Normal_0202,<COLOR FF0000>#Rejected#</COLOR> I_0202_Name
68157643,I_Normal_0203,<COLOR FF0000>#Rejected#</COLOR> I_0203_Name
68157644,I_Normal_0204,<COLOR FF0000>#Rejected#</COLOR> I_0204_Name
68157645,I_Normal_0205,<COLOR FF0000>#Rejected#</COLOR> I_0205_Name
68157646,I_Normal_0206,<COLOR FF0000>#Rejected#</COLOR> I_0206_Name
68157647,I_Normal_0207,<COLOR FF0000>#Rejected#</COLOR> I_0207_Name
68157648,I_Normal_0208,<COLOR FF0000>#Rejected#</COLOR> I_0208_Name
68157649,I_Normal_0209,<COLOR FF0000>#Rejected#</COLOR> I_0209_Name
68157650,I_Normal_0210,<COLOR FF0000>#Rejected#</COLOR> I_0210_Name
68157651,I_Normal_0211,<COLOR FF0000>#Rejected#</COLOR> I_0211_Name
68157652,I_Normal_0212,<COLOR FF0000>#Rejected#</COLOR> I_0212_Name
68157653,I_Normal_0213,<COLOR FF0000>#Rejected#</COLOR> I_0213_Name
68157654,I_Normal_0214,<COLOR FF0000>#Rejected#</COLOR> I_0214_Name
68157655,I_Normal_0215,<COLOR FF0000>#Rejected#</COLOR> I_0215_Name
68157656,I_Normal_0216,<COLOR FF0000>#Rejected#</COLOR> I_0216_Name
68157657,I_Normal_0217,Piel de Arzuros
68157658,I_Normal_0218,Piel de Arzuros+
68157659,I_Normal_0219,Caparazón de Arzuros
68157660,I_Normal_0220,Coraza de Arzuros
68157661,I_Normal_0221,Brazal de Arzuros
68157662,I_Normal_0222,Brazal de Arzuros+
68157663,I_Normal_0223,Cuero de Gran Baggi
68157664,I_Normal_0224,Cuero de Gran Baggi+
68157665,I_Normal_0225,Garra de Gran Baggi
68157666,I_Normal_0226,Garra de Gran Baggi+
68157667,I_Normal_0227,Piel de Lagombi
68157668,I_Normal_0228,Piel de Lagombi+
68157669,I_Normal_0229,Oreja de Lagombi
68157670,I_Normal_0230,Oreja de Lagombi+
68157671,I_Normal_0231,Peto de Lagombi
68157672,I_Normal_0232,Peto de Lagombi+
68157673,I_Normal_0233,Garra de Lagombi
68157674,I_Normal_0234,Garra de Lagombi+
68157675,I_Normal_0235,Cuero flácido
68157676,I_Normal_0236,Cuero perlado
68157677,I_Normal_0237,Extracto pálido
68157678,I_Normal_0238,Hueso pálido
68157679,I_Normal_0239,Carne pálida
68157680,I_Normal_0240,Caparazón de Barroth
68157681,I_Normal_0241,Coraza de Barroth
68157682,I_Normal_0242,Cresta de Barroth
68157683,I_Normal_0243,Cresta de Barroth+
68157684,I_Normal_0244,Garra de Barroth
68157685,I_Normal_0245,Garra de Barroth+
68157686,I_Normal_0246,Cuero cabelludo de Barroth
68157687,I_Normal_0247,Cola de Barroth
68157688,I_Normal_0248,Barro fértil
68157689,I_Normal_0249,Piel de Gran Wroggi
68157690,I_Normal_0250,Piel de Gran Wroggi+
68157691,I_Normal_0251,Brazal de Gran Wroggi
68157692,I_Normal_0252,Brazal de Gran Wroggi+
68157693,I_Normal_0253,Pico del rey
68157694,I_Normal_0254,Piel de esponja
68157695,I_Normal_0255,Piel de esponja+
68157696,I_Normal_0256,Escama de Ludroth Real
68157697,I_Normal_0257,Escama de Ludroth Real+
68157698,I_Normal_0258,Garra de Ludroth Real
68157699,I_Normal_0259,Garra de Ludroth Real+
68157700,I_Normal_0260,Cresta de Ludroth Real
68157701,I_Normal_0261,Cresta de Ludroth Real+
68157702,I_Normal_0262,Cola de Ludroth Real
68157703,I_Normal_0263,Caparazón de Barioth
68157704,I_Normal_0264,Coraza de Barioth
68157705,I_Normal_0265,Piel de Barioth
68157706,I_Normal_0266,Piel de Barioth+
68157707,I_Normal_0267,Garra de Barioth
68157708,I_Normal_0268,Garra de Barioth+
68157709,I_Normal_0269,Púa de Barioth
68157710,I_Normal_0270,Cola de Barioth
68157711,I_Normal_0271,Colmillo ámbar
68157712,I_Normal_0272,Colmillo ámbar+
68157713,I_Normal_0273,Caparazón de Volvidon
68157714,I_Normal_0274,Coraza de Volvidon
68157715,I_Normal_0275,Garra de Volvidon
68157716,I_Normal_0276,Garra de Volvidon+
68157717,I_Normal_0277,Trenza de Volvidon
68157718,I_Normal_0278,Caparazón de Basarios
68157719,I_Normal_0279,Coraza de Basarios
68157720,I_Normal_0280,Ala de Basarios
68157721,I_Normal_0281,Lágrima de Basarios
68157722,I_Normal_0282,Escama de Nargacuga
68157723,I_Normal_0283,Escama de Nargacuga+
68157724,I_Normal_0284,Pelaje de Nargacuga
68157725,I_Normal_0285,Piel de Nargacuga+
68157726,I_Normal_0286,Cola de Nargacuga
68157727,I_Normal_0287,Colaclavo de Nargacuga
68157728,I_Normal_0288,Ala cuchilla Nargacuga
68157729,I_Normal_0289,Hoja de Nargacuga
68157730,I_Normal_0290,Colmillo de Nargacuga
68157731,I_Normal_0291,Colmillo de Nargacuga+
68157732,I_Normal_0292,Tuétano de Nargacuga
68157733,I_Normal_0293,Médula de Nargacuga
68157734,I_Normal_0294,Escama de Rathian+
68157735,I_Normal_0295,Coraza de Rathian
68157736,I_Normal_0296,Púa de Rathian+
68157737,I_Normal_0297,Rubí de Rathian
68157738,I_Normal_0298,Coraza de Zinogre
68157739,I_Normal_0299,Electropelo de Zinogre
68157740,I_Normal_0300,Cuerno de Zinogre+
68157741,I_Normal_0301,Garra de Zinogre+
68157742,I_Normal_0302,Electrificador de Zinogre+
68157743,I_Normal_0303,Jaspe de Zinogre
68157744,I_Normal_0304,Escama de Mizutsune+
68157745,I_Normal_0305,Pelo violeta Mizutsune+
68157746,I_Normal_0306,Garra de Mizutsune+
68157747,I_Normal_0307,Aleta de Mizutsune+
68157748,I_Normal_0308,Espuma burbujas+
68157749,I_Normal_0309,Orbe agua Mizutsune
68157750,I_Normal_0310,Escama de Rathalos+
68157751,I_Normal_0311,Coraza de Rathalos
68157752,I_Normal_0312,Ala de Rathalos
68157753,I_Normal_0313,Rubí de Rathalos
68157754,I_Normal_0314,Cuerno retorcido
68157755,I_Normal_0315,Cuerno majestuoso
68157756,I_Normal_0316,Caparazón de Diablos
68157757,I_Normal_0317,Coraza de Diablos
68157758,I_Normal_0318,Cresta de Diablos
68157759,I_Normal_0319,Cresta de Diablos+
68157760,I_Normal_0320,Colamen de Diablos
68157761,I_Normal_0321,Colmillo de Diablos
68157762,I_Normal_0322,Tuétano de Diablos
68157763,I_Normal_0323,Médula de Diablos
68157764,I_Normal_0324,Escama de Tigrex
68157765,I_Normal_0325,Escama de Tigrex+
68157766,I_Normal_0326,Caparazón de Tigrex
68157767,I_Normal_0327,Coraza de Tigrex
68157768,I_Normal_0328,Cola de Tigrex
68157769,I_Normal_0329,Garra de Tigrex
68157770,I_Normal_0330,Garra de Tigrex+
68157771,I_Normal_0331,Colmillo de Tigrex
68157772,I_Normal_0332,Colmillo de Tigrex+
68157773,I_Normal_0333,Pellejo de Tigrex
68157774,I_Normal_0334,Fauces de Tigrex
68157775,I_Normal_0335,Rajang Horn
68157776,I_Normal_0336,Colmillo de Rajang+
68157777,I_Normal_0337,Pelo negro de Rajang
68157778,I_Normal_0338,Garra de Rajang+
68157779,I_Normal_0339,Cola de Rajang
68157780,I_Normal_0340,Piel de Rajang dorado
68157781,I_Normal_0341,Piel de Chameleos+
68157782,I_Normal_0342,Púa de Chameleos
68157783,I_Normal_0343,Garra de Chameleos+
68157784,I_Normal_0344,<COLOR FF0000>#Rejected#</COLOR> I_0344_Name
68157785,I_Normal_0345,Cola de Chameleos
68157786,I_Normal_0346,Gema de Chameleos
68157787,I_Normal_0347,Coraza de Daora
68157788,I_Normal_0348,Escama dragón Daora+
68157789,I_Normal_0349,Membrana de Daora
68157790,I_Normal_0350,Cuerno de Daora+
68157791,I_Normal_0351,Cola de Daora
68157792,I_Normal_0352,Garra de Daora+
68157793,I_Normal_0353,Gema de Daora
68157794,I_Normal_0354,Coraza de Teostra
68157795,I_Normal_0355,Crin de Teostra
68157796,I_Normal_0356,Cola de Teostra
68157797,I_Normal_0357,Cuerno de Teostra+
68157798,I_Normal_0358,Escama dragón fuego+
68157799,I_Normal_0359,Garra de Teostra+
68157800,I_Normal_0360,Membrana de Teostra
68157801,I_Normal_0361,Polvo de Teostra
68157802,I_Normal_0362,Gema de Teostra
68157803,I_Normal_0363,Cuerno de Kelbi
68157804,I_Normal_0364,<COLOR FF0000>#Rejected#</COLOR> I_0364_Name
68157805,I_Normal_0365,Cuerno de Anteka
68157806,I_Normal_0366,Caparazón de Rhenoplos
68157807,I_Normal_0367,Coraza de Rhenoplos
68157808,I_Normal_0368,Cráneo de Rhenoplos
68157809,I_Normal_0369,Cuero de Slagtoth
68157810,I_Normal_0370,Cuero de Slagtoth+
68157811,I_Normal_0371,Pluma de Gargwa
68157812,I_Normal_0372,Caparazón de Bnahabra
68157813,I_Normal_0373,Coraza de Bnahabra
68157814,I_Normal_0374,Ala de Bnahabra
68157815,I_Normal_0375,Aguijón de Bnahabra
68157816,I_Normal_0376,Mandíbula de Altaroth
68157817,I_Normal_0377,Estómago Altaroth
68157818,I_Normal_0378,Vesícula preciosa
68157819,I_Normal_0379,Piel de Bullfango
68157820,I_Normal_0380,Piel de Bullfango+
68157821,I_Normal_0381,Cabeza de Bullfango
68157822,I_Normal_0382,Piel de Gajau
68157823,I_Normal_0383,Bigote de Gajau
68157824,I_Normal_0384,Escama de Gajau
68157825,I_Normal_0385,Bigote de Gajau+
68157826,I_Normal_0386,Escama de Jaggi
68157827,I_Normal_0387,Escama de Jaggi+
68157828,I_Normal_0388,Cuero de Jaggi
68157829,I_Normal_0389,Cuero de Baggi
68157830,I_Normal_0390,Escama de Baggi
68157831,I_Normal_0391,Escama de Baggi+
68157832,I_Normal_0392,Escama de Wroggi
68157833,I_Normal_0393,Escama de Wroggi+
68157834,I_Normal_0394,Cuero de Wroggi
68157835,I_Normal_0395,Colmillo de Wroggi
68157836,I_Normal_0396,Caparazón de Kestodon
68157837,I_Normal_0397,Crin de Kestodon
68157838,I_Normal_0398,Coraza de Kestodon
68157839,I_Normal_0399,Piel hidra
68157840,I_Normal_0400,Piel hidra+
68157841,I_Normal_0401,Esponja inmadura
68157842,I_Normal_0402,Escama de Uroktor
68157843,I_Normal_0403,Escama de Uroktor+
68157844,I_Normal_0404,Gran aleta
68157845,I_Normal_0405,Aleta de calidad
68157846,I_Normal_0406,Cuero carnoso
68157847,I_Normal_0407,Cuero carnoso+
68157848,I_Normal_0408,Escama piel de Sharq
68157849,I_Normal_0409,Cuero de Remobra
68157850,I_Normal_0410,Cuero de Remobra+
68157851,I_Normal_0411,Cuero rayado
68157852,I_Normal_0412,Cabeza de Remobra
68157853,I_Normal_0413,Escama de Jagras
68157854,I_Normal_0414,Piel de Jagras
68157855,I_Normal_0415,Escama de Jagras+
68157856,I_Normal_0416,Piel de Jagras+
68157857,I_Normal_0417,Hueso monstruo pequeño
68157858,I_Normal_0418,Hueso monstruo mediano
68157859,I_Normal_0419,Hueso monstruo grande
68157860,I_Normal_0420,Hueso de monstruo ++
68157861,I_Normal_0421,Hueso afilado
68157862,I_Normal_0422,Hueso escudo
68157863,I_Normal_0423,Hueso de dragón anciano
68157864,I_Normal_0424,Hueso descomunal
68157865,I_Normal_0425,Hueso robusto
68157866,I_Normal_0426,Gema wyvern pájaro
68157867,I_Normal_0427,Gema de wyvern
68157868,I_Normal_0428,<COLOR FF0000>#Rejected#</COLOR> I_0428_Name
68157869,I_Normal_0429,<COLOR FF0000>#Rejected#</COLOR> I_0429_Name
68157870,I_Normal_0430,<COLOR FF0000>#Rejected#</COLOR> I_0430_Name
68157871,I_Normal_0431,Garra afilada
68157872,I_Normal_0432,Colmillo afilado
68157873,I_Normal_0433,Garra perforante
68157874,I_Normal_0434,Piel cálida
68157875,I_Normal_0435,Piel de alta calidad
68157876,I_Normal_0436,Sangre de dragón anciano
68157877,I_Normal_0437,Vesícula lanzagritos
68157878,I_Normal_0438,Vesícula de veneno
68157879,I_Normal_0439,Vesícula tóxica
68157880,I_Normal_0440,Vesícula paralizante
68157881,I_Normal_0441,Vesícula neural
68157882,I_Normal_0442,Vesícula somnífera
68157883,I_Normal_0443,Vesícula de coma
68157884,I_Normal_0444,<COLOR FF0000>#Rejected#</COLOR> I_0444_Name
68157885,I_Normal_0445,Vesícula infernal
68157886,I_Normal_0446,Vesícula eléctrica
68157887,I_Normal_0447,Vesícula de rayo
68157888,I_Normal_0448,Vesícula de nieve
68157889,I_Normal_0449,Vesícula congelante
68157890,I_Normal_0450,Vesícula acuosa
68157891,I_Normal_0451,Vesícula torrencial
68157892,I_Normal_0452,Fluido de monstruo
68157893,I_Normal_0453,Caldo de monstruo
68157894,I_Normal_0454,Extracto de poder
68157895,I_Normal_0455,Sello huella
68157896,I_Normal_0456,Rubí piel Felyne
68157897,I_Normal_0457,Garra de Rath
68157898,I_Normal_0458,Médula de Rath
68157899,I_Normal_0459,Cuerno de Zinogre
68157900,I_Normal_0460,Cola de Zinogre
68157901,I_Normal_0461,Lumiarañas
68157902,I_Normal_0462,Aleta de Mizutsune
68157903,I_Normal_0463,Cola de Mizutsune
68157904,I_Normal_0464,Cola de Rathalos
68157905,I_Normal_0465,Filete poco hecho
68157906,I_Normal_0466,Carne quemada
68157907,I_Normal_0467,Poción antigua
68157908,I_Normal_0468,Fuente de vida
68157909,I_Normal_0469,Pescado Gourmet
68157910,I_Normal_0470,Pez sushi
68157911,I_Normal_0471,Inmunizador
68157912,I_Normal_0472,Ración
68157913,I_Normal_0473,Zumo de poder
68157914,I_Normal_0474,Hierba antídoto
68157915,I_Normal_0475,Medicina herbal
68157916,I_Normal_0476,Polvo de hierbas
68157917,I_Normal_0477,Droga demoníaca
68157918,I_Normal_0478,Megadroga demoníaca
68157919,I_Normal_0479,Semilla de poder
68157920,I_Normal_0480,Polvo de demonio
68157921,I_Normal_0481,Garra de poder
68157922,I_Normal_0482,Piel de armadura
68157923,I_Normal_0483,Piel de armadura+
68157924,I_Normal_0484,Semilla armadura
68157925,I_Normal_0485,Polvo de cáscara
68157926,I_Normal_0486,Garra armadura
68157927,I_Normal_0487,Megabomba de barril
68157928,I_Normal_0488,Carne envenenada
68157929,I_Normal_0489,Carne tóxica
68157930,I_Normal_0490,Carne somnífera
68157931,I_Normal_0491,Bola transportadora
68157932,I_Normal_0492,Bola de humo venenoso
68157933,I_Normal_0493,Bomba sónica
68157934,I_Normal_0494,Bomba tranquilizante
68157935,I_Normal_0495,Kunai envenenado
68157936,I_Normal_0496,Kunai somnífero
68157937,I_Normal_0497,Kunai paralizante
68157938,I_Normal_0498,<COLOR FF0000>#Rejected#</COLOR> I_0498_Name
68157939,I_Normal_0499,Caballa cuchillo
68157940,I_Normal_0500,Ración (apoyo)
68157941,I_Normal_0501,Medicamento
68157942,I_Normal_0502,Medicamento+
68157943,I_Normal_0503,Poción máxima (apoyo)
68157944,I_Normal_0504,Polvo de vida (apoyo)
68157945,I_Normal_0505,Fuente de vida (apoyo)
68157946,I_Normal_0506,Polvo de hierbas (apoyo)
68157947,I_Normal_0507,Polvo de demonio (apoyo)
68157948,I_Normal_0508,Polvo de cáscara (apoyo)
68157949,I_Normal_0509,Trampa eléctrica (apoyo)
68157950,I_Normal_0510,Trampa de escollo (apoyo)
68157951,I_Normal_0511,Bomba barril gr.(apoyo)
68157952,I_Normal_0512,Bomba sónica (apoyo)
68157953,I_Normal_0513,Bomba de luz (apoyo)
68157954,I_Normal_0514,Bola transportadora (apoyo)
68157955,I_Normal_0515,Bola tranquiliz.(apoyo)
68157956,I_Normal_0516,Atún glotón
68157957,I_Normal_0517,Atún glotón real
68157958,I_Normal_0518,Piel de Gran Izuchi
68157959,I_Normal_0519,Cuero de Gran Izuchi
68157960,I_Normal_0520,Cola de Gran Izuchi
68157961,I_Normal_0521,Piel de Gran Izuchi+
68157962,I_Normal_0522,Cuero de Gran Izuchi+
68157963,I_Normal_0523,Cola de Gran Izuchi+
68157964,I_Normal_0524,Piel de Izuchi
68157965,I_Normal_0525,Cola de Izuchi
68157966,I_Normal_0526,Piel de Izuchi+
68157967,I_Normal_0527,Escama de Aknosom+
68157968,I_Normal_0528,Pluma de Aknosom+
68157969,I_Normal_0529,Cresta de Aknosom+
68157970,I_Normal_0530,Nácar reluciente
68157971,I_Normal_0531,Cuero de Tetranadon+
68157972,I_Normal_0532,Coraza de Tetranadon+
68157973,I_Normal_0533,Disco de Tetranadon+
68157974,I_Normal_0534,Pico de Tetranadon+
68157975,I_Normal_0535,Pelaje de Bishaten
68157976,I_Normal_0536,Cuerno de Bishaten
68157977,I_Normal_0537,Pluma de Bishaten
68157978,I_Normal_0538,Cajacola de Bishaten
68157979,I_Normal_0539,Garra de Bishaten
68157980,I_Normal_0540,Fruto veneno
68157981,I_Normal_0541,Paralifruta
68157982,I_Normal_0542,Fruto ceguera
68157983,I_Normal_0543,Piel de Bishaten+
68157984,I_Normal_0544,Cuerno de Bishaten+
68157985,I_Normal_0545,Pluma de Bishaten+
68157986,I_Normal_0546,Cajacola de Bishaten+
68157987,I_Normal_0547,Garra de Bishaten+
68157988,I_Normal_0548,Escama de Somnacanth+
68157989,I_Normal_0549,Caparazón de Somnacanth+
68157990,I_Normal_0550,Garra de Somnacanth+
68157991,I_Normal_0551,Aleta de Somnacanth+
68157992,I_Normal_0552,Sedante Somnacanth
68157993,I_Normal_0553,Escama de Magnamalo+
68157994,I_Normal_0554,Caparazón de Magnamalo+
68157995,I_Normal_0555,Hoja de Magnamalo+
68157996,I_Normal_0556,Cuerno de Magnamalo+
68157997,I_Normal_0557,Placa de Magnamalo+
68157998,I_Normal_0558,Orbe morado de Magnamalo
68157999,I_Normal_0559,Prisma alma de Magnamalo
68158000,I_Normal_0560,Escama de Almudron+
68158001,I_Normal_0561,Caparazón de Almudron+
68158002,I_Normal_0562,Garra de Almudron+
68158003,I_Normal_0563,Aleta de Almudron+
68158004,I_Normal_0564,Bigote de Almudron+
68158005,I_Normal_0565,Orbe dorado Almudron
68158006,I_Normal_0566,Lodo dorado
68158007,I_Normal_0567,Pelo de Goss Harag+
68158008,I_Normal_0568,Cuero de Goss Harag+
68158009,I_Normal_0569,Brazales Goss Harag+
68158010,I_Normal_0570,Cuerno de Goss Harag+
68158011,I_Normal_0571,Garra de Goss Harag+
68158012,I_Normal_0572,Bloque de hielo+
68158013,I_Normal_0573,Coraza de Rakna-Kadaki
68158014,I_Normal_0574,Seda de Rakna-Kadaki
68158015,I_Normal_0575,Bolsa lum. Rakna-Kadaki
68158016,I_Normal_0576,Garras de Rakna-Kadaki
68158017,I_Normal_0577,Púa de Rakna-Kadaki
68158018,I_Normal_0578,Coraza de Ibushi
68158019,I_Normal_0579,Cuero de Ibushi+
68158020,I_Normal_0580,Cuerno de Ibushi+
68158021,I_Normal_0581,Garra de Ibushi+
68158022,I_Normal_0582,Vesícula de Ibushi
68158023,I_Normal_0583,Púa azul de Ibushi
68158024,I_Normal_0584,Orbe de Ibushi
68158025,I_Normal_0585,Coraza de Narwa
68158026,I_Normal_0586,Cuero de Narwa+
68158027,I_Normal_0587,Cuerno de Narwa+
68158028,I_Normal_0588,Garra de Narwa+
68158029,I_Normal_0589,Vesícula de Narwa
68158030,I_Normal_0590,Tentáculo de Narwa
68158031,I_Normal_0591,Orbe de Narwa
68158032,I_Normal_0592,Escama original
68158033,I_Normal_0593,Cuerno original
68158034,I_Normal_0594,Orbe original
68158035,I_Normal_0595,Escama brillante
68158036,I_Normal_0596,Caparazón reluciente
68158037,I_Normal_0597,Garra de Valstrax+
68158038,I_Normal_0598,Cola de Valstrax
68158039,I_Normal_0599,Púa ala carmesí
68158040,I_Normal_0600,Caparazón de Valstrax
68158041,I_Normal_0601,Orbe de Valstrax
68158042,I_Normal_0602,Fluido carmesí
68158043,I_Normal_0603,Garra Apex
68158044,I_Normal_0604,Espuma Apex
68158045,I_Normal_0605,Vesícula Apex
68158046,I_Normal_0606,Cuerno curvo Apex
68158047,I_Normal_0607,Caparazón eléctrico Apex
68158048,I_Normal_0608,Púa venenosa Apex
68158049,I_Normal_0609,mecha de Bombadgy
68158050,I_Normal_0610,Seda de Rachnoid
68158051,I_Normal_0611,Seda de Rachnoid+
68158052,I_Normal_0612,Escama de Tobi-Kadachi
68158053,I_Normal_0613,Escama de Tobi-Kadachi+
68158054,I_Normal_0614,Piel de Tobi-Kadachi
68158055,I_Normal_0615,Piel de Tobi-Kadachi+
68158056,I_Normal_0616,Membrana Tobi-Kadachi
68158057,I_Normal_0617,Garra de Tobi-Kadachi
68158058,I_Normal_0618,Garra de Tobi-Kadachi+
68158059,I_Normal_0619,Electrodo Tobi-Kadachi
68158060,I_Normal_0620,Electrodo Tobi-Kadachi+
68158061,I_Normal_0621,Escama de Jyuratodus+
68158062,I_Normal_0622,Coraza de Jyuratodus
68158063,I_Normal_0623,Colmillo de Jyuratodus+
68158064,I_Normal_0624,Aleta Jyuratodus+
68158065,I_Normal_0625,Ala de Chameleos
68158066,I_Normal_0626,Colmillo extraño
68158067,I_Normal_0627,Colmillo extraño+
68158068,I_Normal_0628,Escama de Kulu-Ya-Ku
68158069,I_Normal_0629,Escama de Kulu-Ya-Ku+
68158070,I_Normal_0630,Piel de Kulu-Ya-Ku
68158071,I_Normal_0631,Piel de Kulu-Ya-Ku+
68158072,I_Normal_0632,Pico de Kulu-Ya-Ku
68158073,I_Normal_0633,Pico de Kulu-Ya-Ku+
68158074,I_Normal_0634,Pluma de Kulu-Ya-Ku
68158075,I_Normal_0635,Pluma de Kulu-Ya-Ku+
68158076,I_Normal_0636,Escama de Pukei-Pukei
68158077,I_Normal_0637,Escama de Pukei-Pukei+
68158078,I_Normal_0638,Caparazón de Pukei-Pukei
68158079,I_Normal_0639,Coraza de Pukei-Pukei
68158080,I_Normal_0640,Péndola de Pukei-Pukei
68158081,I_Normal_0641,Ala de Pukei-Pukei
68158082,I_Normal_0642,Vesícula Pukei-Pukei
68158083,I_Normal_0643,Vesícula Pukei-Pukei+
68158084,I_Normal_0644,Cola de Pukei-Pukei
68158085,I_Normal_0645,Escama de Anjanath+
68158086,I_Normal_0646,Piel de Anjanath+
68158087,I_Normal_0647,Colmillo de Anjanath+
68158088,I_Normal_0648,Hueso nasal Anjanath+
68158089,I_Normal_0649,Gema de Anjanath
68158090,I_Normal_0650,Escama de Bazelgeuse+
68158091,I_Normal_0651,Coraza de Bazelgeuse
68158092,I_Normal_0652,Cola de Bazelgeuse Tail
68158093,I_Normal_0653,Espoleta de Bazelgeuse
68158094,I_Normal_0654,Garra de Bazelgeuse
68158095,I_Normal_0655,Ala de Bazelgeuse
68158096,I_Normal_0656,Gema de Bazelgeuse
68158097,I_Normal_0657,Hueso tremendo
68158098,I_Normal_0658,Hueso robusto gigante
68158099,I_Normal_0659,Barro enriquecido
68158100,I_Normal_0660,Resto de Rathian
68158101,I_Normal_0661,Resto de Rathian+
68158102,I_Normal_0662,Resto de Rathalos
68158103,I_Normal_0663,Resto de Rathalos+
68158104,I_Normal_0664,Resto de Zinogre
68158105,I_Normal_0665,Resto de Zinogre+
68158106,I_Normal_0666,Resto de Arzuros
68158107,I_Normal_0667,Resto de Arzuros+
68158108,I_Normal_0668,Resto de Baggi
68158109,I_Normal_0669,Resto de Baggi+
68158110,I_Normal_0670,Resto de Lagombi
68158111,I_Normal_0671,Resto de Lagombi+
68158112,I_Normal_0672,Resto de Barroth
68158113,I_Normal_0673,Resto de Barroth+
68158114,I_Normal_0674,Resto de Wroggi
68158115,I_Normal_0675,Resto de Wroggi+
68158116,I_Normal_0676,Resto de Ludroth Real
68158117,I_Normal_0677,Resto de Ludroth Real+
68158118,I_Normal_0678,Resto de Barioth
68158119,I_Normal_0679,Resto de Barioth+
68158120,I_Normal_0680,Resto de Volvidon
68158121,I_Normal_0681,Resto de Volvidon+
68158122,I_Normal_0682,Resto de Basarios
68158123,I_Normal_0683,Resto de Basarios+
68158124,I_Normal_0684,Resto de Nargacuga
68158125,I_Normal_0685,Resto de Nargacuga+
68158126,I_Normal_0686,Nitroseta
68158127,I_Normal_0687,Paraliseta
68158128,I_Normal_0688,Hongo
68158129,I_Normal_0689,Seta excitante
68158130,I_Normal_0690,Mandrágora
68158131,I_Normal_0691,Carambanio
68158132,I_Normal_0692,Gracio
68158133,I_Normal_0693,Cristal reluciente
68158134,I_Normal_0694,Cristal nova
68158135,I_Normal_0695,Piedra de fuego
68158136,I_Normal_0696,Piedra de lava
68158137,I_Normal_0697,Carbalita
68158138,I_Normal_0698,Fucium
68158139,I_Normal_0699,Bicho amargo
68158140,I_Normal_0700,Luminsecto
68158141,I_Normal_0701,Electrobicho
68158142,I_Normal_0702,Hierba de fuego
68158143,I_Normal_0703,Hiedra
68158144,I_Normal_0704,Hierba somnífera
68158145,I_Normal_0705,Hierba de nieve
68158146,I_Normal_0706,Helechoflor
68158147,I_Normal_0707,Hierba solvejada
68158148,I_Normal_0708,Brote nocturno
68158149,I_Normal_0709,Vid Felyne
68158150,I_Normal_0710,Nuez de humo
68158151,I_Normal_0711,Baya antidragón
68158152,I_Normal_0712,Baya hueca
68158153,I_Normal_0713,Baya aguja
68158154,I_Normal_0714,Baya bomba
68158155,I_Normal_0715,Nuez pegajosa
68158156,I_Normal_0716,Nuez dragoniana
68158157,I_Normal_0717,Rajabaya
68158158,I_Normal_0718,Hueso recio
68158159,I_Normal_0719,Restos torcidos
68158160,I_Normal_0720,Esquirla cáscara dragón
68158161,I_Normal_0721,Huesos gastados
68158162,I_Normal_0722,Hueso escogido
68158163,I_Normal_0723,Reliquia dracohueso
68158164,I_Normal_0724,Rocósea torcida
68158165,I_Normal_0725,Cáscara gastada
68158166,I_Normal_0726,Telaraña
68158167,I_Normal_0727,Pólvora
68158168,I_Normal_0728,Tapa de barril
68158169,I_Normal_0729,Seta cara
68158170,I_Normal_0730,Farolillo volador
68158171,I_Normal_0731,Farolillo fatuo
68158172,I_Normal_0732,Fantasfarolillo
68158173,I_Normal_0733,Brote imperial
68158174,I_Normal_0734,Brote selecto
68158175,I_Normal_0735,Brote caro
68158176,I_Normal_0736,Cono fresco
68158177,I_Normal_0737,Cono gélido
68158178,I_Normal_0738,Cono amargo
68158179,I_Normal_0739,Balsalmeja
68158180,I_Normal_0740,Botelmeja
68158181,I_Normal_0741,Barcomeja
68158182,I_Normal_0742,Moneda extranjera
68158183,I_Normal_0743,Moneda acuñada
68158184,I_Normal_0744,Moneda misteriosa
68158185,I_Normal_0745,Prisma sencillo
68158186,I_Normal_0746,Prisma nublado
68158187,I_Normal_0747,Prisma cascada
68158188,I_Normal_0748,Jarra copiosa
68158189,I_Normal_0749,Jarra gourmet
68158190,I_Normal_0750,Jarra tripunta
68158191,I_Normal_0751,Rinoceronte real
68158192,I_Normal_0752,Rinoceronte rey
68158193,I_Normal_0753,Rinoceronte divino
68158194,I_Normal_0754,Cactus bola
68158195,I_Normal_0755,Cactus joya
68158196,I_Normal_0756,Cactus regio
68158197,I_Normal_0757,Baya tropical
68158198,I_Normal_0758,Baya desértica
68158199,I_Normal_0759,Baya de lava
68158200,I_Normal_0760,Rosa de arena
68158201,I_Normal_0761,Rosa rocosa
68158202,I_Normal_0762,Rosa de Gaia
68158203,I_Normal_0763,Carbón
68158204,I_Normal_0764,Carbón volátil
68158205,I_Normal_0765,Carbón inflamable
68158206,I_Normal_0766,Hueso calcedonia
68158207,I_Normal_0767,Gran hueso calcedonia
68158208,I_Normal_0768,Cráneo calcedonia
68158209,I_Normal_0769,Fragmento de bismuto
68158210,I_Normal_0770,Prisma de bismuto
68158211,I_Normal_0771,Augita de bismuto
68158212,I_Normal_0772,Huevo de wyvern
68158213,I_Normal_0773,Huevo wyvern calidad
68158214,I_Normal_0774,Fósil de escarcha
68158215,I_Normal_0775,Gran fósil congelado
68158216,I_Normal_0776,Huevo de herbívoro
68158217,I_Normal_0777,Huevo de Rhenoplos+
68158218,I_Normal_0778,Laffresia
68158219,I_Normal_0779,Alaffresia
68158220,I_Normal_0780,Trozo de bismuto
68158221,I_Normal_0781,Gran trozo de bismuto
68158222,I_Normal_0782,Caballa cuchillo real
68158223,I_Normal_0783,Combusatún
68158224,I_Normal_0784,Gran combusatún
68158225,I_Normal_0785,LLamaleta
68158226,I_Normal_0786,Gran llamaleta
68158227,I_Normal_0787,Pez frágil
68158228,I_Normal_0788,Pececito dorado
68158229,I_Normal_0789,Pez arpón
68158230,I_Normal_0790,Pez carmesí
68158231,I_Normal_0791,Pez dorado
68158232,I_Normal_0792,Pez de platino
68158233,I_Normal_0793,Pez brocado
68158234,I_Normal_0794,Pez brocado real
68158235,I_Normal_0795,Pez brocado supremo
68158236,I_Normal_0796,<COLOR FF0000>#Rejected#</COLOR> I_0796_Name
68158237,I_Normal_0797,Bomba barril fuego
68158238,I_Normal_0798,Kunai explosivo
68158239,I_Normal_0799,<COLOR FF0000>#Rejected#</COLOR> I_0799_Name
68158240,I_Normal_0800,<COLOR FF0000>#Rejected#</COLOR> I_0800_Name
68158241,I_Normal_0801,<COLOR FF0000>#Rejected#</COLOR> I_0801_Name
68158242,I_Normal_0802,<COLOR FF0000>#Rejected#</COLOR> I_0802_Name
68158243,I_Normal_0803,<COLOR FF0000>#Rejected#</COLOR> I_0803_Name
68158244,I_Normal_0804,<COLOR FF0000>#Rejected#</COLOR> I_0804_Name
68158245,I_Normal_0805,<COLOR FF0000>#Rejected#</COLOR> I_0805_Name
68158246,I_Normal_0806,<COLOR FF0000>#Rejected#</COLOR> I_0806_Name
68158247,I_Normal_0807,Resto humilde
68158248,I_Normal_0808,Resto humilde+
68158249,I_Normal_0809,<COLOR FF0000>#Rejected#</COLOR> I_0809_Name
68158250,I_Normal_0810,<COLOR FF0000>#Rejected#</COLOR> I_0810_Name
68158251,I_Normal_0811,<COLOR FF0000>#Rejected#</COLOR> I_0811_Name
68158252,I_Normal_0812,<COLOR FF0000>#Rejected#</COLOR> I_0812_Name
68158253,I_Normal_0813,Resto de mineral
68158254,I_Normal_0814,Resto de mineral+
68158255,I_Normal_0815,Resto de insecto
68158256,I_Normal_0816,Resto de insecto+
68158257,I_Normal_0817,Trozo de hueso
68158258,I_Normal_0818,Trozo de hueso+
68158259,I_Normal_0819,Resto de pelo
68158260,I_Normal_0820,Resto de pelo+
68158261,I_Normal_0821,Resto de Slagtoth
68158262,I_Normal_0822,Resto de Slagtoth+
68158263,I_Normal_0823,Resto de Jaggi
68158264,I_Normal_0824,Resto de Jaggi+
68158265,I_Normal_0825,Resto de Bnahabra
68158266,I_Normal_0826,Resto de Bnahabra+
68158267,I_Normal_0827,Resto de Rhenoplos
68158268,I_Normal_0828,Resto de Rhenoplos+
68158269,I_Normal_0829,Resto de Izuchi
68158270,I_Normal_0830,Resto de Izuchi+
68158271,I_Normal_0831,Resto de Tetranadon
68158272,I_Normal_0832,Resto de Tetranadon+
68158273,I_Normal_0833,Resto de Khezu
68158274,I_Normal_0834,Resto de Khezu+
68158275,I_Normal_0835,Resto de Kulu-Ya-Ku
68158276,I_Normal_0836,Resto de Kulu-Ya-Ku+
68158277,I_Normal_0837,Resto de Aknosom
68158278,I_Normal_0838,Resto de Aknosom+
68158279,I_Normal_0839,Resto de Somnacanth
68158280,I_Normal_0840,Resto de Somnacanth+
68158281,I_Normal_0841,Resto de Pukei
68158282,I_Normal_0842,Resto de Pukei+
68158283,I_Normal_0843,Resto de Kadachi
68158284,I_Normal_0844,Resto de Kadachi+
68158285,I_Normal_0845,Resto de Bishaten
68158286,I_Normal_0846,Resto de Bishaten+
68158287,I_Normal_0847,Resto de Anjanath
68158288,I_Normal_0848,Resto de Anjanath+
68158289,I_Normal_0849,Resto de Mizutsune
68158290,I_Normal_0850,Resto de Mizutsune+
68158291,I_Normal_0851,Resto de Magnamalo
68158292,I_Normal_0852,Resto de Magnamalo+
68158293,I_Normal_0853,Resto de Goss Harag
68158294,I_Normal_0854,Resto de Goss Harag+
68158295,I_Normal_0855,Resto de Diablos
68158296,I_Normal_0856,Resto de Diablos+
68158297,I_Normal_0857,Resto de Tigrex
68158298,I_Normal_0858,Resto de Tigrex+
68158299,I_Normal_0859,Resto de Almudron
68158300,I_Normal_0860,Resto de Almudron+
68158301,I_Normal_0861,Resto de Jyura+
68158302,I_Normal_0862,Resto de Ibushi+
68158303,I_Normal_0863,Resto de Rajang+
68158304,I_Normal_0864,Resto de Rakna-Kadaki+
68158305,I_Normal_0865,Resto de Narwa+
68158306,I_Normal_0866,Resto de Bazel+
68158307,I_Normal_0867,Resto de Chameleos+
68158308,I_Normal_0868,Resto de Kushala Daora+
68158309,I_Normal_0869,Resto de Teostra+
68158310,I_Normal_0870,Resto de Valstrax+
68158311,I_Normal_0871,Pez estruendoso
68158312,I_Normal_0872,Disparo balista
68158313,I_Normal_0873,Disp. explosivo
68158314,I_Normal_0874,Disparo derribo
68158315,I_Normal_0875,Munición para cañón
68158316,I_Normal_0876,<COLOR FF0000>#Rejected#</COLOR> I_0876_Name
68158317,I_Normal_0877,D rayo cargado
68158318,I_Normal_0878,Tiro llameante
68158319,I_Normal_0879,Haz ardiente
68158320,I_Normal_0880,<COLOR FF0000>#Rejected#</COLOR> I_0880_Name
68158321,I_Normal_0881,D. v. repetición
68158322,I_Normal_0882,Disp. v. racimo
68158323,I_Normal_0883,Disparo cordoamarre
68158324,I_Normal_0884,<COLOR FF0000>#Rejected#</COLOR> I_0884_Name
68158325,I_Normal_0885,<COLOR FF0000>#Rejected#</COLOR> I_0885_Name
68158326,I_Normal_0886,<COLOR FF0000>#Rejected#</COLOR> I_0886_Name
68158327,I_Normal_0887,Setas de monte
68158328,I_Normal_0888,Setas umbrías
68158329,I_Normal_0889,Flor astral
68158330,I_Normal_0890,Ramo astral
68158331,I_Normal_0891,Tela siniestra
68158332,I_Normal_0892,Tela oscura siniestra
68158333,I_Normal_0893,Supercalabazón
68158334,I_Normal_0894,Omegacalabazón
68158335,I_Normal_0895,Medusa mona
68158336,I_Normal_0896,Medusa gótica
68158337,I_Normal_0897,Valva onírica
68158338,I_Normal_0898,Kumori tóxico
68158339,I_Normal_0899,Escaraposa
68158340,I_Normal_0900,Grillo flor
68158341,I_Normal_0901,Hibisco
68158342,I_Normal_0902,Besugo acorazado
68158343,I_Normal_0903,Carpa primavera
68158344,I_Normal_0904,Gema bestial
68158345,I_Normal_0905,Acute Fang
68158346,I_Normal_0906,Especia fabulosa
68158347,I_Normal_0907,Especia especial
68158348,I_Normal_0908,Kakejiku Rathian
68158349,I_Normal_0909,Kakejiku Rathalos
68158350,I_Normal_0910,Kakejiku Khezu
68158351,I_Normal_0911,Kakejiku Basarios
68158352,I_Normal_0912,Kakejiku Diablos
68158353,I_Normal_0913,Kakejiku Rajang
68158354,I_Normal_0914,Kakejiku Daora
68158355,I_Normal_0915,Kakejiku Chameleos
68158356,I_Normal_0916,Kakejiku Teostra
68158357,I_Normal_0917,Kakejiku Tigrex
68158358,I_Normal_0918,Kakejiku Nargacuga
68158359,I_Normal_0919,Kakejiku Barioth
68158360,I_Normal_0920,Kakejiku Barroth
68158361,I_Normal_0921,Kakejiku Ludroth
68158362,I_Normal_0922,Kakejiku Baggi
68158363,I_Normal_0923,Kakejiku Zinogre
68158364,I_Normal_0924,Kakejiku Wroggi
68158365,I_Normal_0925,Kakejiku Arzuros
68158366,I_Normal_0926,Kakejiku Lagombi
68158367,I_Normal_0927,Kakejiku Volvidon
68158368,I_Normal_0928,Kakejiku Mizutsune
68158369,I_Normal_0929,Kakejiku Valstrax
68158370,I_Normal_0930,Kakejiku Magnamalo
68158371,I_Normal_0931,Kakejiku Bishaten
68158372,I_Normal_0932,Kakejiku Aknosom
68158373,I_Normal_0933,Kakejiku Tetranadon
68158374,I_Normal_0934,Kakejiku Somnacanth
68158375,I_Normal_0935,Kakejiku Rakna-Kadaki
68158376,I_Normal_0936,Kakejiku Almudron
68158377,I_Normal_0937,Kakejiku Ibushi
68158378,I_Normal_0938,Kakejiku Goss
68158379,I_Normal_0939,Kakejiku Izuchi
68158380,I_Normal_0940,Kakejiku Narwa
68158381,I_Normal_0941,Kakejiku Anjanath
68158382,I_Normal_0942,Kakejiku Pukei
68158383,I_Normal_0943,Kakejiku Kulu
68158384,I_Normal_0944,Kakejiku Jyura
68158385,I_Normal_0945,Kakejiku Kadachi
68158386,I_Normal_0946,Kakejiku Bazelgeuse
68158387,I_Normal_0947,<COLOR FF0000>#Rejected#</COLOR> I_0947_Name
68158388,I_Normal_0948,Kakejiku Arzuros Apex
68158389,I_Normal_0949,Kakejiku Rathian Apex
68158390,I_Normal_0950,Kakejiku Rathalos Apex
68158391,I_Normal_0951,Kakejiku Mizutsune Apex
68158392,I_Normal_0952,Kakejiku Diablos Apex
68158393,I_Normal_0953,Kakejiku Zinogre Apex
68158394,I_Normal_0954,El líder
68158395,I_Normal_0955,Amigos unidos
68158396,I_Normal_0956,El salvador
68158397,I_Normal_0957,Noche con luna
68158398,I_Normal_0958,Confrontación
68158399,I_Normal_0959,Daruma Felyne
68158400,I_Normal_0960,Molde de Hojo de oro
68158401,I_Normal_0961,Gemelas Kamura
68158402,I_Normal_0962,Felyne de la suerte
68158403,I_Normal_0963,Tetera Bombadgy
68158404,I_Normal_0964,Muñeca Moofy
68158405,I_Normal_0965,Canyne rodante
68158406,I_Normal_0966,Machalita pura
68158407,I_Normal_0967,Cúmulo cristal
68158408,I_Normal_0968,Lotería Bubo
68158409,I_Normal_0969,Minisaprobot
68158410,I_Normal_0970,Minisubmarino
68158411,I_Normal_0971,Talla de Arzuros
68158412,I_Normal_0972,Talla de Magnamalo
68158413,I_Normal_0973,Talla de Tetranadon
68158414,I_Normal_0974,Talla de Goss Harag
68158415,I_Normal_0975,Talla de Bishaten
68158416,I_Normal_0976,Talla de Somnacanth
68158417,I_Normal_0977,Talla de Izuchi
68158418,I_Normal_0978,Talla de Almudron
68158419,I_Normal_0979,Talla de Aknosom
68158420,I_Normal_0980,Talla de Rakna-Kadaki
68158421,I_Normal_0981,Talla de Ibushi
68158422,I_Normal_0982,Talla de Narwa
68158423,I_Normal_0983,Cebo carne (apoyo)
68158424,I_Normal_0984,Catalizador
68158425,I_Normal_0985,Red
68158426,I_Normal_0986,Pólvora nvv2
68158427,I_Normal_0987,Pólvora nv3
68158428,I_Normal_0988,Huevo de acero
68158429,I_Normal_0989,Huevo de plata
68158430,I_Normal_0990,Huevo de oro
68158431,I_Normal_0991,Mención de honor
68158432,I_Normal_0992,Gran mención de honor
68158433,I_Normal_0993,Ardenuez
68158434,I_Normal_0994,Flamanuez
68158435,I_Normal_0995,Hígado blanco
68158436,I_Normal_0996,Lengua de Popo
68158437,I_Normal_0997,Aceite Slagtoth
68158438,I_Normal_0998,Tripas de monstruo
68158439,I_Normal_0999,Seta madura
68158440,I_Normal_1000,Estómago selecto
68158441,I_Normal_1001,Bolsa secreta
68158442,I_Normal_1002,Bellota redonda
68158443,I_Normal_1003,Guano de Gargwa
68158444,I_Normal_1004,Huevo de Gargwa
68158445,I_Normal_1005,Huevo de oro Gargwa
68158446,I_Normal_1006,Lágrima de wyvern
68158447,I_Normal_1007,Lágrima de wyvern G
68158448,I_Normal_1008,Lágrima de bestia
68158449,I_Normal_1009,Lágrima de bestia G
68158450,I_Normal_1010,Esencia de zángano
68158451,I_Normal_1011,Esencia de reina
68158452,I_Normal_1012,Tesoro de dragón
68158453,I_Normal_1013,Nácar brillante
68158454,I_Normal_1014,Vale para forja
68158455,I_Normal_1015,<COLOR FF0000>#Rejected#</COLOR> I_1015_Name
68158456,I_Normal_1016,Cupón camarada
68158457,I_Normal_1017,Cupón Kamura
68158458,I_Normal_1018,Cupón gremial
68158459,I_Normal_1019,Cupón defensor 1
68158460,I_Normal_1020,Cupón defensor 2
68158461,I_Normal_1021,Cupón defensor 3
68158462,I_Normal_1022,Cupón defensor 4
68158463,I_Normal_1023,Cupón defensor 5
68158464,I_Normal_1024,Cupón defensor 6
68158465,I_Normal_1025,Cupón defensor 7
68158466,I_Normal_1026,Cupón defensor 8
68158467,I_Normal_1027,Emblema real
68158468,I_Normal_1028,Garra de Rath+
68158469,I_Normal_1029,Cola de Basarios
68158470,I_Normal_1030,Pleura de Basarios
68158471,I_Normal_1031,Pleura de Basarios+
68158472,I_Normal_1032,Cuero de Jaggi+
68158473,I_Normal_1033,Esfera armadura dura
68158474,I_Normal_1034,Esfera armadura pesada
68158475,I_Normal_1035,Joya de Suiko
68158476,I_Normal_1036,Joya campo batalla
68158477,I_Normal_1037,Joya lapislázuli
68158478,I_Normal_1038,<COLOR FF0000>#Rejected#</COLOR> I_1038_Name
68158479,I_Normal_1039,<COLOR FF0000>#Rejected#</COLOR> I_1039_Name
68158480,I_Normal_1040,Fruta descomunal
68158481,I_Normal_1041,Bellota Akin
68158482,I_Normal_1042,Boñiga
68158483,I_Normal_1043,Bomba boñiga
68158484,I_Normal_1044,Bomba boñiga (apoyo)
68158485,I_Normal_1045,Moneda Kulu
68158486,I_Normal_1046,Moneda Barroth
68158487,I_Normal_1047,<COLOR FF0000>#Rejected#</COLOR> I_1047_Name
68158488,I_Normal_1048,Moneda Nargacuga
68158489,I_Normal_1049,Moneda Barioth
68158490,I_Normal_1050,Moneda Rajang
68158491,I_Normal_1051,<COLOR FF0000>#Rejected#</COLOR> I_1051_Name
68158492,I_Normal_1052,<COLOR FF0000>#Rejected#</COLOR> I_1052_Name
68158493,I_Normal_1053,Moneda Bazelgeuse
68158494,I_Normal_1054,Moneda pináculo
68158495,I_Normal_1055,Moneda rey cazador
68158496,I_Normal_1056,Moneda cazad. estrella
68158497,I_Normal_1057,<COLOR FF0000>#Rejected#</COLOR> I_1057_Name
68158498,I_Normal_1058,<COLOR FF0000>#Rejected#</COLOR> I_1058_Name
68158499,I_Normal_1059,D perforante c.
68158500,I_Normal_1060,Semilla gris
68158501,I_Normal_1061,Semilla carmesí
68158502,I_Normal_1062,Gran cordóptero
68158503,I_Normal_1063,Disp. balista x2
68158504,I_Normal_1064,Disp. balista x3
68158505,I_Normal_1065,<COLOR FF0000>#Rejected#</COLOR> I_1065_Name
68158506,I_Normal_1066,Cupón amigo
68158507,I_Normal_1067,Bomba barril agua
68158508,I_Normal_1068,Bomba barril rayo
68158509,I_Normal_1069,Bomba barril hielo
68158510,I_Normal_1070,Semilla azul
68158511,I_Normal_1071,Semilla de oro
68158512,I_Normal_1072,Semilla de plata
68158513,I_Normal_1073,Munición cañón x2
68158514,I_Normal_1074,Munición cañón+ x2
68158515,I_Normal_1075,Cupón defensor 9
68158516,I_Normal_1076,Piedra Bherna
68158517,I_Normal_1077,Dundomarino
68158518,I_Normal_1078,Mineral Loc Lac
68158519,I_Normal_1079,Cuarzo Val Habar
68158520,I_Normal_1080,Minegardenita
68158521,I_Normal_1081,<COLOR FF0000>#Rejected#</COLOR> I_1081_Name
68158522,I_Normal_1082,Cristal erudito
68158523,I_Normal_1083,Cuero azabache
68158524,I_Normal_1084,Disfrazador
68158525,I_Normal_1085,Cristal turbio
68158526,I_Normal_1086,Pergamino celestial
68158527,I_Normal_1087,Lienzo diosa del sol
68158528,I_Normal_1088,Satsui no Hado
68158529,I_Normal_1089,Tuercas de perro
68158530,I_Normal_1090,Caballero roto
68158531,I_Normal_1091 | ,Consume
68158532,I_Normal_1092,Cubón buceo
68158533,I_Normal_1093 | ,Consume
68158534,I_Normal_1094 | ,Consume
68158535,I_Normal_1095 | ,Consume
68158536,I_Normal_1096,Ring
68158537,I_Normal_1097,Figura de Sonic
68158538,I_Normal_1098,Figura de Knuckles
68158539,I_Normal_1099,Figura de Tails
68158540,I_Normal_1100,Buddy Ring
68158541,I_Normal_1101,Hunter Ring
68158542,I_Normal_1102 | ,Consume
68158543,I_Normal_1103 | ,Consume
68158544,I_Normal_1104,Escarabarro
68158545,I_Normal_1105,Paralisapo
68158546,I_Normal_1106,Araña titiritera
68158547,I_Normal_1107,Caracoctor
68158548,I_Normal_1108,Hormituga
68158549,I_Normal_1109,Odorodreja
68158550,I_Normal_1110,Grévol plañidero
68158551,I_Normal_1111,Escarabascua
68158552,I_Normal_1112,Escaratrueno
68158553,I_Normal_1113,Escaralado
68158554,I_Normal_1114,Bicho trampa
68158555,I_Normal_1115,Farolbicho
68158556,I_Normal_1116,Fermentiliebre
68158557,I_Normal_1117,Longuisierpe
68158558,I_Normal_1118,Somnosapo
68158559,I_Normal_1119,Saponzoña
68158560,I_Normal_1120,Explosapo
68158561,I_Normal_1121,Animave
68158562,I_Normal_1122,Espibicho dorado
68158563,I_Normal_1123,Espibicho dorado
68158564,I_Normal_1124,Fungarrejo
